StreetCode1,StreetCode2,StreetCode3,Violation County,NViolations
0,9980,0,K,1
0,12140,0,BX,1
0,13430,0,K,1
0,26820,0,BX,1
0,28410,0,BX,1
0,37430,0,K,1
0,40404,40404,BX,37
0,40404,40404,K,42
0,42630,0,K,1
5130,6130,6230,K,1
5180,27530,29830,K,1
5280,0,0,K,1
5280,7580,7680,K,1
5280,10080,10180,K,1
5280,11280,11330,K,1
5280,17380,68730,K,1
5280,80530,89530,K,1
5380,51030,20530,K,2
5380,77730,51030,K,2
5430,10330,10380,K,1
5430,11230,11280,K,1
5580,0,0,K,4
5580,5080,5230,K,1
5580,5230,5380,K,2
5580,5930,6030,K,1
5580,6530,6630,K,1
5580,6630,6730,K,4
5580,8780,8830,K,1
5580,9130,9180,K,1
5580,9280,9330,K,1
5580,9380,9430,K,1
5580,10380,10430,K,2
5580,10580,10630,K,1
5580,10630,10680,K,1
5580,19230,80430,K,1
5580,24830,43130,K,1
5580,32130,19330,K,1
5580,43130,5080,K,3
5580,68730,10180,K,1
5580,69330,15180,K,1
5580,80330,33730,K,1
5580,89530,69330,K,1
5680,0,0,K,1
5680,5230,5380,K,1
5680,5630,5730,K,2
5680,10580,10630,K,1
5680,40930,80430,K,1
5680,72730,69330,K,1
5780,0,0,K,1
5780,5630,5730,K,1
5780,5930,6030,K,1
5780,8830,8880,K,1
5830,5130,5280,K,1
5880,8580,8630,K,1
5880,8980,9030,K,1
5880,9130,9180,K,1
5880,9430,9480,K,1
5880,32600,8530,K,2
5880,40404,40404,K,1
5880,72430,6830,K,1
5930,5130,5280,K,1
5930,5430,5580,K,1
5930,5580,5680,K,1
5930,5680,5780,K,1
5980,8580,8630,K,1
6030,5580,5680,K,3
6080,10230,10280,K,1
6080,10430,10480,K,1
6080,10630,10680,K,1
6080,17380,10030,K,1
6080,72530,6730,K,1
6130,5680,5780,K,1
6180,17380,10030,K,1
6280,8880,8930,K,1
6280,9030,64730,K,2
6330,0,0,K,1
6330,5680,5780,K,1
6330,5880,72630,K,1
6380,8480,8530,K,1
6380,8530,8580,K,1
6380,9030,9080,K,1
6380,9080,9130,K,2
6380,9230,9280,K,2
6380,40404,40404,K,1
6380,84130,9730,K,1
6430,0,0,K,1
6430,5580,5680,K,3
6430,5780,5880,K,1
6430,5880,72630,K,2
6480,8630,8680,K,1
6480,8830,8880,K,1
6480,9030,9080,K,1
6530,5580,5680,K,1
6530,5780,5880,K,1
6530,5880,72630,K,1
6580,10880,19030,K,1
6630,5430,5580,K,1
6630,5680,5780,K,1
6630,5780,5880,K,3
6630,5880,72630,K,2
6680,9230,9280,K,1
6680,10480,10530,K,2
6680,17380,10030,K,1
6730,5580,5680,K,2
6730,5780,5880,K,2
6730,6080,6180,K,2
6730,6180,25340,K,1
6730,52430,5780,K,1
6730,90235,52430,K,1
6780,10380,10430,K,1
6780,10830,10880,K,1
6880,8830,8880,K,1
6880,9330,9380,K,1
6880,9630,9680,K,2
6880,9780,9830,K,1
6880,9830,9880,K,1
6880,9930,9980,K,1
6880,10080,10180,K,1
6880,10380,10430,K,1
6880,10430,10480,K,1
6880,10830,10880,K,2
6880,10880,19030,K,1
6880,28830,35180,K,2
6880,34980,34930,K,1
6880,40404,40404,K,1
6880,59430,8830,K,1
6930,5580,5680,K,1
6980,0,0,K,1
6980,10680,10730,K,2
7080,7130,77030,K,2
7080,10180,10230,K,1
7080,10380,10430,K,2
7080,10880,19030,K,1
7080,30630,7090,K,1
7130,7080,18950,K,1
7130,18950,7280,K,1
7180,76030,87430,K,1
7230,9580,9630,K,2
7330,5280,5430,K,1
7330,5430,5580,K,1
7380,5430,5580,K,2
7380,5580,5680,K,1
7430,9680,9730,K,1
7480,5430,5580,K,1
7580,5280,5430,K,3
7580,5430,5580,K,1
7680,5430,5580,K,1
7720,16020,31220,BX,1
7720,40404,40404,BX,1
7720,67840,57520,BX,1
7730,0,0,K,1
7780,5280,5430,K,3
7780,5430,5580,K,1
7820,9820,74960,BX,1
7880,5430,5580,K,2
7930,47730,30630,K,1
8020,16120,46620,BX,1
8020,31820,16120,BX,1
8030,40404,40404,K,1
8380,6280,84430,K,1
8430,6580,31330,K,1
8430,26230,68010,K,1
8480,6280,6380,K,1
8480,6580,31330,K,1
8480,42630,6280,K,2
8530,5880,5980,K,2
8530,6080,42630,K,2
8580,0,0,K,1
8580,5780,5880,K,1
8580,6380,6480,K,1
8580,6480,6580,K,1
8580,6580,6680,K,1
8580,6680,18950,K,2
8630,5430,5580,K,1
8630,5880,5980,K,2
8630,6080,42630,K,1
8630,42630,6280,K,1
8680,0,0,K,3
8680,5780,5880,K,1
8680,5980,6080,K,2
8680,6380,6480,K,1
8680,6480,6580,K,1
8680,6580,6680,K,1
8680,6680,6780,K,2
8680,42630,6280,K,1
8680,64730,42630,K,1
8730,5980,6080,K,1
8730,6280,6380,K,3
8730,6380,6480,K,3
8730,42630,6280,K,2
8780,6280,6380,K,1
8780,6380,6480,K,1
8780,6580,6680,K,3
8780,40404,40404,K,1
8820,67850,74480,BX,1
8830,0,0,K,1
8830,5980,6080,K,1
8830,6280,6380,K,1
8830,6380,6480,K,1
8830,6480,6580,K,1
8830,6580,6680,K,1
8830,6780,6880,K,4
8830,64730,6280,K,2
8920,27060,27090,BX,1
8920,42350,59525,BX,1
8930,0,0,K,1
8930,5430,5580,K,1
8930,5580,5680,K,1
8930,6280,6380,K,3
8930,6380,6480,K,1
8980,0,0,K,1
8980,5980,6080,K,1
8980,6380,6480,K,2
9020,0,0,BX,1
9020,16220,74690,BX,2
9030,0,0,K,2
9030,5010,5130,K,2
9030,5280,5430,K,1
9030,5430,5580,K,1
9030,5580,5680,K,2
9030,5680,5780,K,2
9030,6180,64730,K,1
9030,6280,6380,K,2
9080,5430,5580,K,1
9080,5580,5680,K,1
9080,5680,5780,K,1
9080,6380,6480,K,1
9080,42630,6180,K,2
9130,5430,5580,K,1
9130,5880,5980,K,1
9130,42630,6180,K,1
9130,45820,77150,BX,1
9180,5280,5430,K,1
9180,5680,5780,K,1
9180,5880,5980,K,1
9180,6380,6480,K,2
9180,64730,6380,K,2
9230,5680,5780,K,1
9230,6380,0,K,1
9330,0,0,K,1
9330,64730,6480,K,1
9380,5680,5780,K,1
9380,42630,6180,K,1
9430,5780,5880,K,1
9430,5880,5980,K,1
9430,6480,6580,K,1
9430,7080,7230,K,1
9430,11045,5430,K,1
9480,6180,6280,K,1
9480,40404,40404,K,3
9520,27030,27060,BX,1
9520,27090,0,BX,1
9530,5780,5880,K,2
9530,6480,6580,K,1
9530,11045,5430,K,1
9580,6280,6380,K,1
9630,5880,5980,K,1
9630,10625,5430,K,1
9680,5430,5580,K,1
9680,6280,6380,K,1
9730,5880,5980,K,2
9730,5980,42630,K,1
9730,6080,6180,K,1
9730,6280,6380,K,1
9730,17330,7430,K,1
9780,0,0,K,2
9780,6880,6980,K,1
9780,7530,31330,K,2
9820,9920,75120,BX,1
9980,5280,5430,K,2
9980,5430,5580,K,1
9980,5880,5980,K,1
9980,15945,73330,K,2
9980,64730,6680,K,1
10020,12220,27660,BX,1
10020,27570,27570,BX,2
10020,27750,27810,BX,1
10020,27810,27840,BX,1
10030,5880,42630,K,2
10030,6180,6280,K,2
10030,6780,6880,K,1
10030,6980,7080,K,1
10030,73340,70375,K,1
10080,6280,6380,K,1
10080,6980,7080,K,1
10080,73340,70375,K,1
10180,5430,5580,K,1
10180,5880,42630,K,1
10180,7080,7230,K,1
10180,28230,73330,K,1
10180,73330,5280,K,1
10230,5280,5430,K,1
10230,6280,6380,K,1
10230,6480,6580,K,1
10230,6780,6880,K,1
10230,7230,17330,K,1
10280,0,0,K,1
10280,28230,73330,K,3
10320,10520,15920,BX,1
10380,0,0,K,1
10380,6780,6880,K,1
10420,16620,62520,BX,2
10420,68220,72920,BX,1
10430,6780,6880,K,1
10430,7230,17330,K,1
10480,5580,5680,K,1
10480,7080,7230,K,2
10480,40404,40404,K,1
10530,5580,5680,K,1
10530,7080,7230,K,1
10580,0,0,K,1
10580,5580,5680,K,3
10620,8930,47520,BX,1
10620,47520,57720,BX,1
10620,72920,48020,BX,1
10730,5430,5580,K,1
10730,6880,6980,K,1
10780,42630,0,K,1
10880,5430,5580,K,7
10880,7080,16580,K,1
10880,7230,16680,K,3
10880,16480,16530,K,2
10880,16630,7230,K,2
10880,16680,16730,K,1
10880,16830,7430,K,1
10880,16930,7530,K,1
10880,17330,16780,K,1
10880,63530,28230,K,1
10930,0,0,K,1
10930,5430,5580,K,4
10980,63530,28230,K,1
11140,37420,77450,BX,1
11140,77450,16020,BX,1
11320,27150,27180,BX,1
11330,0,0,K,1
11380,5280,5430,K,1
11620,11470,12550,BX,1
11620,17120,58620,BX,2
11800,0,0,K,1
12220,23920,73720,BX,1
12220,70720,14620,BX,1
12330,0,0,K,1
12330,40930,18630,K,1
12525,36170,36190,BX,1
12830,46530,42730,K,1
12830,49930,46530,K,4
12920,40404,40404,BX,1
13230,93250,31530,K,1
13430,5580,5680,K,16
13430,27530,29830,K,1
13430,29830,20110,K,3
13430,48830,27530,K,1
13880,35930,35980,K,1
13880,67030,36180,K,1
13930,0,0,K,1
13980,0,0,K,2
13980,36230,64830,K,1
14020,57720,9620,BX,1
14030,36130,67030,K,1
14080,35380,35430,K,1
14080,36730,36780,K,1
14080,36880,75430,K,1
14080,37610,37630,K,2
14080,37680,37730,K,1
14130,12130,36730,K,1
14130,36330,36380,K,1
14180,36080,36130,K,2
14180,37474,37480,K,1
14180,38130,38180,K,1
14180,59430,34980,K,2
14220,73420,76950,BX,2
14220,76950,26820,BX,1
14230,34930,34980,K,1
14230,35380,35430,K,1
14230,35580,35630,K,2
14230,35680,67530,K,1
14280,0,0,K,1
14280,35130,35180,K,1
14330,0,0,K,1
14380,0,0,K,1
14530,0,0,K,5
14530,36030,36080,K,1
14580,81830,91130,K,1
14620,12220,27660,BX,1
14620,20560,27480,BX,2
14620,27480,27540,BX,1
14620,27570,27600,BX,1
14630,18630,35980,K,1
14630,35330,50430,K,1
14630,37180,37230,K,3
14680,35430,35480,K,1
14680,40404,40404,K,1
14680,90780,90730,K,1
14780,76330,35380,K,1
14830,35330,50430,K,1
14880,35830,53210,K,1
14920,43720,71690,BX,2
14920,53320,74990,BX,11
14920,71690,74960,BX,1
14920,74960,53320,BX,4
14920,74990,75020,BX,3
14980,73110,50930,K,1
15020,10880,10880,BX,2
15020,12550,28290,BX,1
15020,15220,62520,BX,1
15180,29830,77730,K,1
15220,0,0,BX,1
15380,22030,22080,K,1
15480,42730,13430,K,1
15520,12550,61220,BX,2
15520,52220,12550,BX,2
15680,88830,77030,K,2
15720,12550,26670,BX,2
15720,12820,26340,BX,1
15720,25830,25860,BX,2
15720,25920,25950,BX,1
15820,25770,25800,BX,1
15920,0,0,K,1
16020,28620,30020,BX,2
16020,30020,17120,BX,1
16030,10880,19030,K,1
16120,8020,26610,BX,1
16120,26670,76450,BX,2
16120,27060,27090,BX,1
16220,36320,9020,BX,1
16530,10880,19030,K,1
16620,10420,55520,BX,1
16620,40320,72620,BX,1
16620,67840,57520,BX,1
16620,78850,39420,BX,1
16720,34820,11020,BX,1
17120,16020,31220,BX,1
17280,91230,72350,K,1
17330,10480,10530,K,1
17330,15780,30630,K,3
17380,5880,5980,K,1
17380,6080,6180,K,1
17610,40404,40404,K,1
17890,10110,10010,K,1
17920,12550,75120,BX,2
18630,0,0,K,5
18630,26430,13880,K,2
18630,29630,26430,K,2
18630,39430,81530,K,2
18630,59030,26230,K,2
18630,66430,66330,K,2
18630,81430,80330,K,1
18730,32600,40930,K,2
18830,41830,31030,K,1
18830,60930,56930,K,1
18870,24890,10210,K,1
19230,5280,5430,K,1
19230,5580,18950,K,1
19230,41930,18630,K,1
19230,50830,73470,K,1
19530,0,0,K,2
19530,60530,65830,K,1
19530,66230,66130,K,2
19530,66430,66330,K,1
19530,66630,66530,K,1
19620,74840,74870,BX,1
19630,18630,57260,K,1
19630,35030,67730,K,1
19630,36080,36130,K,3
19630,36130,67030,K,3
19820,60520,58220,BX,1
19830,12030,43730,K,1
19830,61030,87130,K,3
19830,82230,72030,K,1
20020,26730,26760,BX,2
20020,59525,26910,BX,1
20720,26670,26700,BX,1
20720,26730,26760,BX,2
21020,26190,26220,BX,1
21130,53500,71330,K,1
21230,14680,14730,K,1
21230,40404,40404,BX,1
21820,27090,27120,BX,1
21820,27180,27300,BX,2
21820,27390,27420,BX,1
21820,27600,51120,BX,1
21820,29120,27060,BX,2
22320,26910,70635,BX,1
22425,22320,0,BX,1
22680,21530,21480,K,1
22680,21980,22030,K,1
22680,75910,22580,K,2
22690,76950,76950,K,1
22720,27030,27060,BX,1
22840,20440,53890,BX,1
22920,7720,16620,BX,1
23130,19830,34330,K,2
23130,34330,56630,K,1
23130,56630,73380,K,1
23220,27060,27090,BX,1
23230,18930,12730,K,1
23230,33430,31530,K,1
23230,49430,64630,K,1
23230,50830,38630,K,1
23230,83330,40330,K,1
23230,92630,31950,K,2
23330,41730,40230,K,1
23330,86530,72230,K,1
23520,20130,74480,BX,1
23520,74480,74510,BX,1
23520,74610,74630,BX,1
23620,62120,42020,BX,1
23920,29320,27960,BX,2
24230,5280,5430,K,4
24245,71330,89930,K,2
24245,89930,42330,K,1
24465,0,0,K,1
24570,46520,40420,BX,1
24830,5430,5580,K,1
24830,5880,72630,K,2
24830,12130,86030,K,1
24830,18630,73690,K,1
24830,23330,54070,K,1
24830,40404,40404,K,1
24830,41530,73430,K,1
24830,67030,64830,K,2
24830,75430,86630,K,1
24830,77730,51030,K,1
24965,65520,30060,BX,1
25520,26340,26400,BX,3
25740,78150,15820,BX,1
25770,78150,15820,BX,2
25800,8120,78150,BX,3
25800,15720,65620,BX,1
25890,8120,78150,BX,2
25890,78150,15720,BX,1
25930,56630,73380,K,3
25980,15720,65620,BX,1
25980,68020,78150,BX,2
26010,78150,15720,BX,1
26130,18620,69720,BX,1
26130,44330,70930,K,1
26230,0,0,K,2
26230,18630,94510,K,1
26230,19630,34880,K,1
26230,34880,34930,K,1
26230,35680,67530,K,3
26230,36330,36380,K,1
26230,37030,37080,K,1
26230,40930,18630,K,11
26230,67047,35630,K,1
26230,67530,35730,K,5
26230,67730,35080,K,1
26250,68020,12820,BX,1
26530,0,0,K,1
26530,28330,93430,K,3
26550,31120,68020,BX,3
26550,42020,43520,BX,1
26550,62120,42020,BX,1
26550,73120,31120,BX,1
26580,20720,32820,BX,1
26610,73120,68020,BX,1
26630,40930,18630,K,1
26700,35020,72720,BX,2
26700,73120,68020,BX,1
26760,42820,69320,BX,2
26760,69320,72720,BX,1
26760,78750,36420,BX,1
26880,46620,13620,BX,1
26910,22320,20220,BX,1
26940,73820,51620,BX,1
26970,52120,36420,BX,1
27000,13820,0,BX,1
27030,0,0,K,2
27030,16120,13820,BX,1
27030,20220,59520,BX,2
27030,49120,49520,BX,1
27030,51720,44720,BX,1
27030,59520,49120,BX,1
27060,9520,41320,BX,1
27060,20220,59520,BX,1
27090,23220,72320,BX,1
27090,40720,23220,BX,2
27090,72320,16120,BX,1
27120,0,0,BX,1
27120,33060,73720,BX,6
27120,40404,40404,BX,3
27150,40404,40404,BX,1
27180,52120,21820,BX,1
27270,73720,56820,BX,1
27300,36420,70720,BX,1
27330,67030,58730,K,1
27430,63030,93230,K,1
27430,93230,31530,K,1
27480,49420,23920,BX,1
27480,70720,14620,BX,2
27530,73220,53830,K,1
27530,75530,81330,K,1
27530,81330,13430,K,1
27600,21820,36420,BX,1
27600,23920,73720,BX,1
27600,70720,14620,BX,2
27750,23920,73720,BX,1
27750,71820,36420,BX,1
27780,0,0,BX,1
27810,10020,58020,BX,1
27840,10020,58020,BX,1
27900,41420,23920,BX,1
27930,44620,66820,BX,1
28020,24020,10020,BX,1
28080,10620,15620,BX,1
28230,57930,10080,K,1
28290,18120,77150,BX,1
28320,53420,12550,BX,1
28350,77150,10620,BX,1
28380,10620,15620,BX,1
28380,18120,77150,BX,1
28380,57320,45020,BX,6
28390,53830,18950,K,1
28410,15020,18120,BX,1
28470,57320,45020,BX,1
28530,15620,57320,BX,1
28560,15620,57320,BX,1
28560,57320,45020,BX,1
28590,57320,45020,BX,1
28620,77150,17320,BX,1
28650,77150,17320,BX,1
28830,6880,90230,K,1
28830,14030,14080,K,4
28830,14080,24850,K,6
28830,14130,14180,K,2
28830,14180,56825,K,5
28830,14380,73030,K,1
28830,14580,14630,K,5
28830,24850,14130,K,5
28830,29630,33530,K,1
28830,32930,6880,K,1
28830,38930,73500,K,2
28830,40404,40404,K,3
28830,44430,13980,K,3
28830,90230,65030,K,2
29020,70720,14620,BX,1
29030,18330,73145,K,1
29120,21820,36420,BX,1
29120,52120,21820,BX,1
29320,15620,20520,BX,1
29320,41420,23920,BX,1
29330,93530,54100,K,1
29620,9520,41320,BX,1
29620,24790,30915,BX,1
29620,49520,65320,BX,2
29620,72720,52120,BX,1
29630,28830,35280,K,1
29630,35180,28830,K,1
29630,35380,35430,K,1
29630,35630,35680,K,1
29630,35680,67530,K,2
29630,35730,40930,K,1
29630,36080,36130,K,3
29630,40930,35780,K,4
29820,62820,46850,BX,2
29830,13430,68930,K,3
29830,32130,74630,K,1
29830,81330,13430,K,1
29830,90930,43230,K,1
29930,25330,93530,K,1
30130,14880,88830,K,3
30630,17230,17230,K,1
30930,12130,86030,K,1
30930,23330,54070,K,1
30930,64830,23330,K,1
30930,67030,64830,K,1
30930,75430,86630,K,1
31020,49520,65320,BX,2
31220,30020,17120,BX,1
31220,58620,53720,BX,1
31330,8780,6880,K,1
31520,47420,37520,BX,1
31530,0,0,K,4
31530,93530,54100,K,1
31820,12550,8020,BX,2
31820,60520,65520,BX,1
31830,29830,20110,K,1
31830,67030,64830,K,1
31830,73470,38430,K,1
31950,0,0,K,10
32030,73110,50930,K,1
32030,82930,73190,K,1
32130,0,0,K,1
32320,42920,64520,BX,1
32420,9320,29320,BX,1
32420,24585,16620,BX,1
32420,35680,13820,BX,2
32420,48020,8320,BX,1
32820,26580,26610,BX,1
32820,26610,26640,BX,1
32820,26730,12550,BX,1
33030,27630,54830,K,1
33890,23590,25790,BX,2
33920,12550,56020,BX,1
33930,43330,72930,K,1
34130,0,0,K,1
34130,66330,66230,K,1
34130,78130,78230,K,1
34220,26700,26730,BX,2
34230,0,0,K,1
34230,28730,85630,K,1
34230,93250,42730,K,1
34330,73470,68630,K,2
34420,56020,12550,BX,1
34820,16720,45120,BX,2
34880,12330,26230,K,1
34880,19630,13830,K,1
34880,25130,12330,K,1
35020,50120,26670,BX,1
35030,0,0,K,2
35030,14380,39740,K,2
35030,29630,32930,K,2
35080,14530,14580,K,1
35080,14730,54430,K,1
35080,53960,14880,K,1
35130,14530,14580,K,2
35130,14580,14630,K,2
35180,0,0,K,3
35180,13830,29630,K,2
35180,14530,14580,K,2
35180,19630,13830,K,4
35180,29630,32930,K,1
35330,0,0,K,5
35330,14580,14630,K,1
35330,54050,14480,K,3
35380,0,0,K,3
35380,14030,14080,K,1
35380,14230,38930,K,1
35380,14830,58750,K,1
35430,0,0,K,2
35430,14280,14330,K,1
35480,14330,14380,K,1
35480,14380,54050,K,3
35480,14630,14680,K,1
35480,14680,45730,K,3
35480,14730,14780,K,1
35480,14780,14830,K,2
35480,45730,14730,K,1
35480,54050,14480,K,1
35530,0,0,K,4
35530,14380,54050,K,4
35570,15710,11710,K,1
35580,26005,38930,K,4
35620,79150,50920,BX,1
35630,14480,14530,K,1
35630,14530,14580,K,1
35630,14580,14630,K,1
35630,14680,45730,K,1
35630,19630,29630,K,1
35630,29630,33530,K,3
35630,32930,65030,K,2
35630,33530,32930,K,4
35630,65030,41730,K,1
35630,73030,14480,K,2
35680,12330,19630,K,2
35680,14530,14580,K,2
35680,26230,32600,K,4
35680,29630,33530,K,1
35680,32930,65030,K,2
35680,33530,32930,K,3
35680,53210,88830,K,1
35680,73030,14480,K,1
35730,14380,73030,K,1
35730,19630,29630,K,1
35730,94430,25130,K,1
35780,32600,32930,K,1
35830,0,0,K,1
35830,14630,45730,K,1
35830,14780,14830,K,1
35830,14830,14880,K,2
35830,73030,14480,K,1
35850,11710,13610,K,1
35930,0,0,K,1
35930,13880,65030,K,1
35980,26430,13880,K,1
35980,41730,40930,K,1
35980,65030,41730,K,1
36020,43720,74960,BX,1
36030,0,0,K,2
36030,14830,14880,K,5
36060,74870,12225,BX,2
36080,0,0,K,1
36080,13880,65030,K,1
36080,40230,40930,K,1
36080,65030,41730,K,1
36080,85530,19630,K,1
36130,29630,26430,K,1
36220,58620,53720,BX,1
36230,14380,73030,K,1
36230,40210,40230,K,1
36320,74780,74810,BX,2
36330,14130,14180,K,1
36330,26230,77930,K,1
36330,26430,13880,K,1
36380,26430,13880,K,4
36380,65030,88450,K,1
36380,85530,19630,K,1
36420,20120,26910,BX,1
36420,26700,26730,BX,1
36420,26760,26790,BX,1
36420,26820,61920,BX,2
36420,26940,52720,BX,1
36420,27060,27090,BX,1
36420,27300,29220,BX,2
36420,27780,27810,BX,1
36420,27810,65720,BX,1
36520,26670,26700,BX,1
36530,26230,77930,K,1
36580,56230,26230,K,1
36620,0,0,BX,1
36620,26610,26640,BX,1
36620,26670,26730,BX,1
36620,26730,26760,BX,2
36620,50120,26670,BX,1
36830,40230,44430,K,2
36880,40230,44430,K,1
36980,41730,40230,K,1
37080,40630,14530,K,1
37080,56230,26230,K,2
37180,14080,14130,K,1
37230,14030,41030,K,1
37230,14080,14130,K,1
37280,14180,14230,K,1
37420,30020,17120,BX,1
37460,9370,63870,K,1
37480,14180,14230,K,1
37515,44430,41030,K,1
37525,44430,41030,K,1
37610,14130,14180,K,1
37610,44430,41030,K,1
37630,41030,14080,K,1
37650,71750,29100,BX,1
37880,28970,41030,K,1
37880,38330,74230,K,1
37980,93830,26630,K,1
38030,38330,74230,K,1
38030,41730,40230,K,1
38030,77740,44430,K,1
38030,93130,26230,K,1
38030,93830,26630,K,1
38080,26230,56230,K,1
38080,50400,14180,K,1
38080,65570,41730,K,1
38080,93130,26230,K,1
38130,14080,85400,K,1
38130,14230,14280,K,1
38130,56630,50930,K,1
38130,85870,14080,K,1
38330,12130,86030,K,2
38330,40404,40404,K,1
38430,23330,54070,K,1
38430,64830,23330,K,1
38430,67030,64830,K,1
38430,73430,23530,K,2
38430,75430,86630,K,1
38430,86630,73430,K,1
38920,7820,67425,BX,1
38950,42730,56530,K,5
39220,0,0,BX,1
39230,42730,13430,K,2
39320,72720,52120,BX,2
39420,61220,53520,BX,1
39430,0,0,K,1
39430,86030,75430,K,1
39530,55430,38530,K,2
39730,41370,13430,K,1
39930,39830,73350,K,1
39930,73350,42730,K,2
40030,69030,94130,K,1
40120,26550,8020,BX,1
40230,0,0,K,2
40230,36380,23330,K,1
40230,75430,36930,K,1
40320,8930,14420,BX,3
40320,9320,78050,BX,1
40320,14420,47520,BX,2
40520,40404,40404,BX,1
40620,61220,53520,BX,1
40930,0,0,K,2
40930,19630,19630,K,1
40930,29630,26430,K,1
40930,73170,34535,K,1
40930,93830,69530,K,2
41030,14280,36430,K,2
41030,37525,37530,K,3
41030,38080,73480,K,1
41030,40930,47210,K,1
41030,76430,70330,K,1
41330,23230,51530,K,2
41330,85330,23230,K,1
41420,27750,27780,BX,1
41420,27840,27900,BX,1
41530,53870,68860,BX,1
41620,64020,34820,BX,1
41630,31530,42730,K,1
41630,54130,47130,K,1
41730,37580,37580,K,1
41730,37630,37680,K,1
41730,38180,38182,K,1
41730,64830,23330,K,1
41730,73690,36080,K,1
41830,44330,70930,K,2
41930,31830,19230,K,1
41930,69330,81430,K,1
41930,72730,69330,K,1
42020,23620,26550,BX,1
42320,75080,75120,BX,1
42330,0,0,K,1
42330,24245,11800,K,1
42330,70130,52930,K,1
42430,37750,20690,BX,1
42630,9830,9880,K,1
42630,9880,9930,K,1
42630,9980,17380,K,1
42630,10030,10080,K,1
42630,10280,10330,K,1
42630,10880,10980,K,1
42730,0,0,K,1
42730,10005,42330,K,2
42730,12930,12930,K,2
42730,18630,12930,K,1
42730,23330,85730,K,1
42730,26030,39930,K,1
42730,27130,39230,K,2
42730,27430,90130,K,2
42730,39730,76530,K,2
42730,40040,10005,K,4
42730,41450,73310,K,2
42730,49930,46530,K,1
42730,53230,89630,K,1
42730,54070,85330,K,1
42730,56430,39730,K,1
42730,65330,45430,K,3
42730,85730,54070,K,5
42730,87330,27430,K,1
42730,88230,64830,K,1
42820,12220,27750,BX,1
42820,26820,35950,BX,1
42820,27090,17700,BX,1
42820,29220,27360,BX,2
42820,54420,27180,BX,1
42820,74840,27540,BX,2
42920,43020,74380,BX,1
43040,0,0,K,1
43330,26730,41930,K,2
43330,85330,83330,K,1
43530,10880,10980,K,1
43730,34330,56630,K,1
43810,67450,67875,BX,1
44020,74920,74930,BX,1
44020,76550,74920,BX,1
44120,7720,37920,BX,1
44330,62030,60930,K,1
44430,36130,67030,K,1
44430,37580,37610,K,2
44430,37610,37630,K,1
44430,37730,37780,K,1
44430,53980,40930,K,1
44430,86030,36830,K,1
44430,87780,37680,K,1
44530,28730,85630,K,1
44730,32600,49630,K,2
44920,23800,62420,BX,4
44920,41040,18520,BX,1
44930,0,0,K,1
44930,31950,29230,K,1
45120,8630,34820,BX,1
45630,71830,87730,K,1
45820,45120,66920,BX,1
45930,31130,24730,K,1
45930,67030,58730,K,1
46330,65730,60430,K,1
46520,22240,24570,BX,1
46520,60520,58220,BX,1
46520,63220,60520,BX,1
46620,8020,26610,BX,1
46620,26670,40520,BX,1
46730,18630,12930,K,1
46730,54100,52130,K,1
46730,67030,58730,K,3
46830,28430,73130,K,1
46830,86730,83230,K,2
46830,94230,28430,K,1
47020,74690,76650,BX,1
47030,85730,85330,K,1
47220,28440,28470,BX,1
47520,20520,57320,BX,1
47520,52920,13320,BX,1
47630,25330,93530,K,1
47630,52130,94730,K,1
48030,23230,33030,K,1
48230,0,0,K,1
48230,40930,18630,K,11
48230,73690,67030,K,1
48420,10620,15620,BX,1
48820,45120,34820,BX,1
48820,65520,12550,BX,2
48830,26530,57570,K,2
48830,30230,68330,K,3
48830,51640,53830,K,1
48830,53830,81330,K,1
48830,53950,32130,K,1
48830,71730,60630,K,1
49030,70370,67030,K,1
49130,18630,67030,K,1
49130,23330,79830,K,1
49130,67030,64830,K,1
49420,27180,27270,BX,2
49420,27270,27300,BX,1
49530,18630,54830,K,1
49530,54830,58730,K,3
49630,0,0,K,1
49630,23830,57170,K,1
49630,30230,68330,K,1
49630,70730,26530,K,1
49720,28710,28740,BX,1
49720,28740,53720,BX,1
49920,12550,73220,BX,1
49930,42730,13430,K,2
49950,90680,90630,K,1
49950,91080,91030,K,1
50020,59720,70520,BX,1
50020,72220,50750,BX,1
50530,78330,78230,K,1
50630,0,0,K,1
50720,10985,35720,BX,1
50750,38830,58550,BX,1
50750,50020,56890,BX,1
50750,56890,78820,BX,1
50750,60570,46340,BX,1
50770,70520,12550,BX,1
50830,48330,56230,K,3
50830,70930,83730,K,2
51030,24830,24830,K,1
51030,42730,56530,K,1
51120,21820,36420,BX,1
51330,0,0,K,1
51430,82230,23230,K,1
51720,29620,27000,BX,1
51830,88330,70830,K,1
52020,9620,72920,BX,1
52020,48020,8320,BX,1
52020,57720,9620,BX,2
52120,17700,27120,BX,3
52120,25860,25920,BX,1
52120,26610,26640,BX,1
52120,27090,17700,BX,1
52120,27120,27150,BX,1
52120,29120,27090,BX,1
52120,29620,27030,BX,1
52120,50120,26670,BX,2
52120,52720,26970,BX,1
52120,57220,42820,BX,1
52130,81230,93230,K,1
52440,40404,40404,K,1
52730,65330,45430,K,1
52930,42330,95130,K,1
53130,54100,52130,K,1
53210,35580,35630,K,1
53420,28350,12550,BX,2
53420,32920,32420,BX,1
53830,48830,77230,K,1
53830,49630,42930,K,1
53950,0,0,K,3
54000,0,0,K,8
54050,35130,35180,K,1
54050,35180,35230,K,2
54050,35230,28830,K,3
54050,35330,35380,K,1
54050,35430,35480,K,1
54050,35530,35580,K,1
54050,37980,38030,K,1
54050,38030,38080,K,1
54050,90630,90580,K,1
54070,86530,72230,K,1
54090,14830,14880,K,1
54090,88830,0,K,1
54100,31530,81930,K,1
54100,38630,29930,K,1
54100,47330,45930,K,2
54100,81030,50130,K,2
54100,81230,93230,K,1
54100,81930,81030,K,1
54130,23230,23930,K,1
54130,31130,24730,K,1
54130,79030,79430,K,1
54130,80230,45030,K,1
54930,86030,75430,K,1
55130,56630,73380,K,2
55330,18630,73690,K,2
55330,36380,23330,K,1
55330,38030,38080,K,2
55330,64830,36330,K,1
55330,73210,37830,K,1
55430,75730,80930,K,1
55520,7720,16620,BX,2
55520,16620,62520,BX,3
55520,28020,28110,BX,1
55520,48420,25130,BX,1
55520,62520,48420,BX,2
55520,68220,72920,BX,2
55520,72920,48020,BX,1
55730,45030,26730,K,1
55730,58730,85730,K,1
55730,67030,58730,K,2
55730,83330,55530,K,1
55730,85330,83330,K,1
55830,0,0,K,4
55830,48730,75330,K,1
55930,59830,55830,K,1
56030,41930,80130,K,1
56030,73430,23530,K,1
56030,73690,67030,K,1
56030,80130,79930,K,2
56230,36330,36380,K,1
56230,40930,25130,K,2
56230,48430,13630,K,1
56230,55930,38730,K,1
56230,67030,64830,K,3
56530,0,0,K,1
56530,20110,77730,K,2
56530,20530,47100,K,2
56530,29830,20110,K,4
56530,47100,64330,K,1
56820,25710,25800,BX,1
56930,0,0,K,4
57020,73720,27840,BX,1
57030,59930,42430,K,1
57130,13630,38730,K,3
57230,23130,25930,K,1
57320,28110,28140,BX,1
57320,28140,28170,BX,1
57320,28440,28470,BX,1
57320,28500,28530,BX,1
57520,9320,7720,BX,1
57630,27530,29830,K,1
57720,40320,72620,BX,1
57720,70635,70635,BX,1
57720,72620,10620,BX,1
57720,72620,15620,BX,1
58020,27750,27780,BX,1
58020,27840,40450,BX,1
58020,40450,27900,BX,3
58030,12930,67030,K,1
58200,76950,71330,K,3
58330,0,0,K,1
58730,78230,78230,K,1
59020,74480,56740,BX,1
59030,18630,73690,K,2
59120,0,0,BX,2
59120,32650,75175,BX,1
59430,12330,26230,K,1
59630,82230,23230,K,1
59930,63230,61530,K,1
60440,0,0,K,1
60440,43040,75760,K,2
60530,0,0,K,1
60530,19530,18630,K,1
60530,40404,40404,K,1
60530,45130,87730,K,6
60535,0,93250,K,1
60830,54070,12130,K,1
60930,0,0,K,2
61020,60920,29320,BX,1
61220,72620,10620,BX,1
61330,54100,52130,K,6
61720,12550,27810,BX,1
61730,67030,58730,K,1
61730,85730,85330,K,5
61830,48830,27530,K,3
61920,72720,36420,BX,3
62240,21090,46220,BX,1
62330,23330,54070,K,1
62330,31850,67030,K,1
62330,40404,40404,K,2
62330,64830,23330,K,1
62330,73690,31850,K,1
62330,82130,57600,K,1
62720,27060,27090,BX,1
62720,27090,27120,BX,1
62720,27150,32520,BX,2
63030,11830,27030,K,1
63030,54100,19930,K,1
63030,87330,27430,K,2
63220,17250,10320,BX,1
63530,10830,10880,K,1
63530,57930,10080,K,1
63730,11155,63985,K,1
63820,0,0,BX,1
63820,9820,12550,BX,2
63820,10545,74480,BX,1
63820,12550,35520,BX,1
63820,74840,74870,BX,1
63820,74870,74920,BX,2
63820,74920,60820,BX,2
63920,26820,29520,BX,1
64230,90730,90780,K,1
64330,0,0,K,1
64330,75530,81330,K,1
64420,8320,9320,BX,1
64420,9620,72920,BX,1
64420,13820,39790,BX,1
64430,19830,34330,K,1
64430,34330,56630,K,1
64430,83730,19830,K,1
64620,26760,26790,BX,1
64730,8980,9030,K,1
64730,9030,6280,K,2
64830,86530,72230,K,1
65020,26550,32835,BX,2
65030,35780,35830,K,1
65030,35930,35980,K,1
65130,23130,25930,K,1
65130,40404,40404,K,2
65130,75130,82430,K,1
65320,8020,76950,BX,1
65320,26550,8020,BX,4
65320,68720,10920,BX,1
65730,33330,46330,K,1
65830,18630,34130,K,3
65830,54000,95030,K,1
66030,18630,34130,K,1
66130,19530,18630,K,1
66130,32600,54000,K,1
66130,54000,95030,K,1
66130,95030,19530,K,1
66230,19530,18630,K,1
66230,32600,54000,K,2
66230,34130,73650,K,1
66230,48030,59930,K,1
66230,54000,95030,K,1
66230,73650,48030,K,1
66230,95030,19530,K,3
66330,0,0,K,2
66330,19530,18630,K,2
66330,32600,54000,K,1
66330,34130,73650,K,1
66330,95030,19530,K,1
66420,8520,73440,BX,1
66430,19530,18630,K,2
66730,0,0,K,1
66730,19530,18630,K,1
66830,12550,63820,BX,2
66835,95030,19530,K,4
66920,59720,55720,BX,1
66930,12830,13430,K,1
67030,24830,30930,K,1
67030,40230,44430,K,2
67030,42730,49130,K,3
67030,80430,72730,K,1
67220,36060,70620,BX,1
67420,74210,74240,BX,1
67530,14080,14130,K,2
67530,14130,14180,K,2
67530,14630,14680,K,2
67530,29630,33530,K,1
67530,40230,44430,K,2
67530,44430,13980,K,1
67530,56440,14030,K,1
67530,69530,67047,K,1
67620,22240,9130,BX,1
67620,73420,35720,BX,1
67730,13830,29630,K,1
67730,13930,6880,K,1
67730,14130,89740,K,1
67730,14480,14530,K,1
67730,19630,13830,K,2
67730,29630,32930,K,1
67730,32930,13930,K,4
67730,39130,14030,K,1
67730,41730,13980,K,1
67730,69300,76830,K,1
67730,89740,14180,K,1
68020,25740,25770,BX,3
68020,26340,26370,BX,1
68020,26670,26700,BX,1
68330,93430,49630,K,1
68420,27150,27180,BX,3
68420,27180,27270,BX,1
68420,27270,27300,BX,1
68420,27300,29220,BX,2
68730,5580,5680,K,3
68730,6380,6480,K,2
68930,0,0,K,2
68930,5430,40930,K,1
68930,5680,24730,K,2
68930,18630,67030,K,3
68930,20110,77730,K,1
68930,29830,20110,K,2
68930,38430,74730,K,2
69020,26220,26340,BX,1
69130,94430,30530,K,1
69230,83330,23230,K,1
69320,26760,26790,BX,1
69330,5580,5680,K,1
69330,41930,18630,K,2
69330,75130,38430,K,1
69530,0,0,K,1
69820,60920,29320,BX,2
70030,58930,83430,K,1
70130,32600,93250,K,1
70130,93250,42730,K,1
70420,12550,26130,BX,1
70430,49630,48830,K,1
70430,93430,49630,K,3
70520,23800,45330,BX,2
70620,32320,32320,BX,2
70620,37640,74690,BX,1
70620,74810,76550,BX,2
70620,74870,60820,BX,1
70630,42730,13430,K,1
70630,73350,42730,K,1
70720,12550,27000,BX,1
70720,27090,27120,BX,2
70720,27150,27180,BX,1
70720,27180,27270,BX,1
70720,27300,29220,BX,2
70720,27660,27690,BX,1
70730,0,0,K,1
70930,23130,25930,K,1
70930,25930,73470,K,1
70930,50830,23130,K,1
70930,62030,60930,K,1
71420,11440,10005,BX,1
71750,48820,21320,BX,1
71820,12220,27750,BX,1
72230,41930,18630,K,1
72230,54070,12130,K,1
72230,64830,23330,K,1
72230,67030,64830,K,1
72230,75430,86630,K,2
72230,86630,73430,K,1
72250,37510,37530,K,1
72320,26820,26850,BX,1
72420,23420,48720,BX,1
72520,25980,26010,BX,1
72530,6730,84830,K,1
72530,87430,73150,K,1
72620,7720,16620,BX,1
72620,47520,57720,BX,1
72630,5080,5230,K,2
72630,6330,6430,K,1
72630,43130,5080,K,1
72720,26670,26700,BX,1
72720,26700,26730,BX,1
72720,26790,26820,BX,1
72720,26820,61920,BX,1
72720,27180,29220,BX,1
72720,30520,26760,BX,1
72720,38820,29520,BX,2
72720,52720,26970,BX,1
72720,61920,38820,BX,1
72730,23530,73110,K,2
72730,41930,18630,K,2
72730,73690,67030,K,6
72920,15220,10420,BX,1
73030,0,0,K,2
73030,35180,35230,K,3
73030,90680,90630,K,1
73050,18630,67030,K,1
73050,58730,85730,K,1
73050,67030,58730,K,2
73050,73190,70030,K,1
73050,85730,85330,K,1
73110,68930,31830,K,1
73110,80430,72730,K,1
73110,83430,59630,K,1
73120,26700,26730,BX,2
73150,72430,35080,K,1
73220,27530,29830,K,3
73220,48830,27530,K,3
73220,59920,49920,BX,1
73270,27730,86930,K,1
73270,32730,27730,K,1
73310,42730,32790,K,1
73330,10680,10730,K,1
73380,88030,94930,K,1
73430,24830,30930,K,2
73470,34330,56630,K,1
73470,44330,70930,K,1
73470,59630,51430,K,1
73470,65130,57230,K,1
73480,14180,14230,K,1
73480,40404,40404,K,1
73480,41730,73470,K,1
73480,93830,26630,K,3
73620,25540,74840,BX,1
73620,74780,76550,BX,1
73620,74870,60820,BX,1
73650,0,0,K,1
73650,78130,78230,K,1
73690,30930,62330,K,1
73690,56230,59030,K,1
73690,81430,80330,K,1
73720,7920,27030,BX,1
73720,26670,26700,BX,1
73720,27090,27120,BX,4
73720,27120,33120,BX,4
73720,27750,27780,BX,3
73850,14580,14630,K,1
74210,55220,67420,BX,2
74230,12130,86030,K,1
74230,37930,37980,K,1
74230,73480,38130,K,1
74330,53620,58720,BX,1
74330,58720,55220,BX,1
74400,12550,51820,BX,2
74400,48220,53620,BX,1
74400,59020,70220,BX,7
74450,14630,14680,K,2
74630,48830,27530,K,1
74660,36320,9020,BX,1
74720,23520,36320,BX,1
74730,68930,31830,K,1
74750,9020,70620,BX,1
74780,0,0,BX,1
74780,23520,36320,BX,1
74870,19620,73620,BX,1
74930,11140,44530,K,1
74930,14920,36020,BX,1
74960,14920,36020,BX,4
74960,36020,43920,BX,4
74960,43920,21220,BX,1
74990,68320,42320,BX,1
75020,0,0,BX,1
75122,23420,12550,BX,1
75130,56630,73380,K,1
75130,65130,38130,K,1
75130,73380,65130,K,1
75260,41820,65420,BX,1
75370,40404,40404,BX,1
75430,40230,32600,K,15
75430,40404,40404,K,1
75530,27530,29830,K,6
75530,77730,51030,K,1
75730,0,0,K,1
75760,53530,73120,K,1
75760,75730,60530,K,2
76030,7180,7030,K,1
76030,72430,84530,K,2
76130,92670,20230,K,1
76430,83730,19830,K,1
76450,26610,12550,BX,1
76460,14880,67047,K,1
76530,55830,44330,K,1
76550,44020,12550,BX,1
76750,44520,12550,BX,1
76850,36320,38420,BX,1
77030,6980,7080,K,1
77030,7080,7230,K,4
77030,10920,38190,K,1
77030,16380,16430,K,2
77130,9980,17380,K,1
77130,10330,10430,K,1
77130,10930,10980,K,1
77130,10980,63530,K,1
77130,11180,68230,K,1
77130,11380,11430,K,2
77130,11430,11480,K,1
77130,17380,57930,K,1
77130,73330,11330,K,1
77130,77136,10880,K,1
77150,40404,40404,BX,8
77530,63030,93230,K,1
77530,93230,31530,K,1
77730,42730,56530,K,1
77930,18630,94510,K,1
77930,36880,75430,K,1
77930,40930,18630,K,6
78050,40320,22920,BX,1
78230,0,0,K,1
78330,48030,10720,K,1
78430,18630,34130,K,1
78430,19530,18630,K,1
78530,18630,34130,K,1
78850,7720,16620,BX,1
78850,61220,53520,BX,1
78950,8320,23720,BX,1
79030,0,0,K,1
79330,47130,13450,K,1
79430,11750,5680,K,2
79430,47130,11750,K,2
79830,49130,13430,K,1
80030,31530,42730,K,1
80030,54130,47130,K,1
80230,43330,42730,K,2
80230,55030,13430,K,2
80330,23530,73110,K,1
80330,67030,64830,K,1
80330,86630,73430,K,2
80430,41930,18630,K,3
80430,50930,75130,K,1
80830,30530,25130,K,1
80830,80730,26230,K,1
80930,0,0,K,1
81030,54100,52130,K,1
81050,62030,60930,K,2
81230,54100,52130,K,1
81330,64330,5280,K,2
81430,5580,5680,K,1
81430,41930,18630,K,1
81430,73690,67030,K,1
81430,89730,26730,K,1
81530,73690,67030,K,1
81725,0,0,K,3
81830,7430,10530,K,1
81830,10730,7630,K,1
81830,10830,10880,K,1
81930,52130,94730,K,1
82230,51430,78030,K,1
82430,73380,65130,K,1
82930,45930,55730,K,1
83730,25930,73470,K,1
83730,26130,74730,K,1
83730,33630,39930,K,1
83730,60930,56930,K,1
83730,76430,70330,K,1
83930,54100,52130,K,3
84330,0,0,K,1
84630,86430,57030,K,1
85530,40404,40404,K,1
86030,0,0,K,2
86030,41730,40230,K,1
86430,57030,47430,K,1
86530,23330,54070,K,2
86530,64830,23330,K,2
86530,75430,86630,K,3
86630,41730,40230,K,3
86630,56230,26230,K,1
86630,62330,39430,K,1
86630,77930,85530,K,3
87330,63030,93230,K,1
88030,19830,34330,K,1
88030,81050,94630,K,1
88130,67030,58730,K,2
88610,0,0,K,1
88930,73330,5280,K,1
89030,54830,89230,K,1
89330,69230,63030,K,2
89530,49630,89525,K,1
89730,0,0,K,5
89730,42730,13430,K,4
89730,54130,45930,K,1
89730,54930,40930,K,2
89730,63030,93230,K,1
89730,69230,63030,K,1
89930,0,0,K,1
89930,24245,11800,K,2
89930,33360,58200,K,3
90130,45930,43330,K,1
90530,73030,54050,K,1
90580,14380,73030,K,1
90680,49950,14530,K,1
91080,14730,14780,K,1
91130,14730,14780,K,2
91180,47625,64230,K,1
91280,30630,60330,K,1
91330,64230,60330,K,1
91530,60330,83630,K,2
92530,32600,40930,K,1
93060,0,0,K,3
93130,38030,38080,K,1
93130,73480,38130,K,1
93230,67030,58730,K,2
93250,0,0,K,1
93250,21130,34230,K,2
93250,34230,44530,K,1
93250,52930,54650,K,2
93250,70130,52930,K,1
93430,26530,70430,K,1
93430,30230,68330,K,1
93530,46730,38630,K,1
93730,42700,6080,K,2
93830,38030,38080,K,1
94430,67047,35730,K,1
94730,47330,45930,K,1
94730,56330,43330,K,1
95030,0,0,K,2
95130,0,0,K,1
95130,21130,44530,K,3
