income,price1,price2,price3,choice
0.408098833305219,0.9669433121514104,0.7457605621034901,0.0409993358671112,2
0.0535439724576053,0.3819339144163529,0.5840626381572346,0.3832605384158917,3
0.4209168122113866,0.1667606606604204,0.7119677611709087,0.9515949002130568,1
0.3937875289799826,0.6721187245502733,0.2732299817158907,0.9519417894696603,1
0.0433053622782152,0.5823265502061175,0.3870859283472039,0.8235415488834289,1
0.5503488562728787,0.4886033000419655,0.5660473673225955,0.690386780386223,2
0.0377133942468088,0.9848423819692628,0.4538294553260694,0.60816869858245,3
0.7551569089828413,0.6845311258594347,0.8629310076783155,0.2942464811750769,3
0.1391513490535375,0.4900190528137366,0.2918651971512215,0.2320992279151256,3
0.8268532206209184,0.7618140745128074,0.8006827314159808,0.300542999176515,1
0.5146983262542129,0.5243786451818324,0.6670181916169149,0.0140563719550977,2
0.7055142338388773,0.4616541380431992,0.8087964684905816,0.797419469547763,2
0.4464129755819247,0.7205463872221275,0.8206759895480071,0.7345953493395901,3
0.6271590424120072,0.364293265816333,0.6471879141795043,0.9101494082106736,1
0.5314033841283757,0.1265335201005556,0.1052100813470297,0.2488291606072356,2
0.2808743079417577,0.2517760415571539,0.2315834393408342,0.4165832692585536,1
0.6463785524325769,0.1938459298967836,0.8211637417252654,0.7414557719406649,2
0.225403678740814,0.8357476362199121,0.3655965791826224,0.7167844575684211,3
0.0065202418244746,0.9677004253873392,0.8641041482087576,0.2855160683992784,3
0.6019735394423409,0.5653743913011614,0.4204269487037407,0.3079832931766645,1
0.5502825657072041,0.1406184817490504,0.0489761068620938,0.7793882423489842,1
0.8840215566002813,0.2710434441835971,0.795705799194392,0.1553197969442432,1
0.8141892598153488,0.8909492391401256,0.4320976398722638,0.1506520931171651,1
0.0391764224820689,0.1886675532607813,0.7178752108255231,0.6437339341546817,2
0.8280863438397631,0.9075993025895818,0.9400967355484264,0.3439181035643026,1
0.3223525971164566,0.5803227800159539,0.1959139905554647,0.206658329519923,3
0.0867712033223533,0.4021562950262884,0.8981566014907877,0.688853582699652,1
0.0234049550622333,0.7758289980441241,0.8262791829162192,0.0645620933357828,1
0.4179234174946687,0.3511308364694274,0.5713558522269849,0.6624760270103198,3
0.9151109670940756,0.9698736764523114,0.6591712272820501,0.593188933588232,2
0.5171466311192913,0.2361860787423958,0.8136099209110926,0.4379219809152951,1
0.4926871889211748,0.3910028443016722,0.5456474316594526,0.2554239957621556,1
0.4056597809493856,0.3495155703514616,0.0039459224324068,0.2548572531002334,1
0.5903601385891788,0.7327569082960343,0.4625498417323072,0.4497907110693369,2
0.0238537398248334,0.6326132236257205,0.1731775264577767,0.8597530870513709,2
0.8133157142951011,0.908546749662028,0.7705019759343351,0.6202701114338033,3
0.256389735123525,0.2496646482295419,0.9696316817132308,0.4015476180421119,3
0.6629621820574753,0.6989760579138373,0.0283242260177243,0.0541665059625191,2
0.4696823068181077,0.5426026145256019,0.9715228852269376,0.1052816275270113,1
0.8606060309840301,0.3147501562207904,0.4289755471199672,0.2359115475725048,2
0.4111993514967622,0.288661116523821,0.8950638205585872,0.8490592465018341,2
0.7637488644460242,0.272697251441893,0.6758755212357797,0.3100343077387359,3
0.4530070478116546,0.7687345722731962,0.2005085822884132,0.9571295546786738,3
0.4943399474247125,0.1808448321201824,0.4147953737816466,0.058946541470051,3
0.7529654204882938,0.6357857310701636,0.2065221304270471,0.7901984969648493,1
0.4484718469147136,0.525356277500641,0.7177850395881534,0.2151359086907076,3
0.1652710890989956,0.6072978680496249,0.8840776892683551,0.128067077666268,3
0.1164532375208305,0.7662947217594511,0.508612957601563,0.0725390263662449,1
0.4000338833863248,0.261617138270767,0.7177821677671727,0.8602437332102131,1
0.1438366865816698,0.1380512607658589,0.0495269399461317,0.3050190507249262,3
0.9286874880784334,0.9120407889983424,0.7679355085678803,0.3354536704458771,2
0.2355124296969888,0.0626307551747102,0.2421794874030577,0.4866486574657601,3
0.3246845181352814,0.0451494244471111,0.7657039070994152,0.2775480459461966,3
0.2948804604651189,0.4571816796938535,0.240197873183987,0.2460070821109247,2
0.0726986928694405,0.5516986142072171,0.4745302503696812,0.6531904175955906,3
0.531372942209989,0.5424038167252833,0.9706824688522936,0.3261235753401037,2
0.926583171655898,0.2996233172933142,0.6709831965999622,0.1303743488290389,1
0.4425769716526107,0.1139572519631821,0.2308407394383861,0.0863725790828563,1
0.1284108882990257,0.841187243762176,0.4113779948080199,0.3401974828720514,2
0.430983587318734,0.0406938589468457,0.9534529474777614,0.1403309980296222,3
0.3861040787356957,0.9891053908556382,0.5141813483843154,0.4819887507831117,1
0.030047746705901,0.4814373149753155,0.8864749925270448,0.2467261756895123,3
0.5739674376100863,0.797472203653783,0.4968907430926934,0.5347597931812105,2
0.5865207430014627,0.5428574948098832,0.2148947035456356,0.0877228294495694,3
0.8292416965558725,0.6891684523156885,0.3842096532482217,0.6345106898829064,1
0.1565113476076578,0.4089726071720795,0.4303059511562753,0.9525603678804012,1
0.4094143896736555,0.5150617886435233,0.7528716919138615,0.1235241358799383,3
0.6197944520712445,0.1066588011627108,0.8640407573596218,0.3600745173297053,3
0.1668748792010241,0.4552863473971674,0.5564390970254615,0.4511576966078813,1
0.6226299550845037,0.6760623331125228,0.1180169683565606,0.1652375606842038,2
0.4048414016164854,0.922288323565404,0.6599433710215123,0.2813866551694406,1
0.621712466114763,0.1134936667773758,0.0275815941738898,0.0680140553247024,1
0.8210863389889006,0.2824035862852497,0.0083585028518746,0.7731152518013715,3
0.5632688229088755,0.8559094960601326,0.5144316991936506,0.2111829063494645,2
0.8745268245434532,0.3099660342583979,0.6486690956682517,0.6743449361223616,3
0.9061792167729732,0.661307875546069,0.6412031329659104,0.6385357745750916,1
0.9763784808798204,0.6878402274022111,0.151543215498948,0.9538794801238492,3
0.5738375217412524,0.7165264606782492,0.969564077897061,0.9008843400883408,2
0.1178435618703371,0.1808248670770434,0.9523134743350316,0.1359086095176809,3
0.37247218492631,0.727633139118879,0.6692581268532835,0.2802401481883578,1
0.7079839492631534,0.3541209043643309,0.9021611562941012,0.9290310506105258,3
0.774124631430981,0.3761520198248639,0.6854162672153082,0.4320093036088803,3
0.2007776967859146,0.1439980195102244,0.7588264001995958,0.6832655649497088,2
0.1586160840669406,0.5196633122989247,0.8028080934480364,0.0609885625062882,2
0.5696692604768134,0.439001207131375,0.3437125568766688,0.8090539253006086,2
0.5725549927709458,0.199270979337049,0.7275847002500223,0.2612848555267971,3
0.1161944074728368,0.6567002985559437,0.912453598976608,0.5056712852690355,1
0.0505509583279522,0.4235910042048981,0.779860970679404,0.415364811087428,2
0.5654963223577835,0.085505697998391,0.9727819222524322,0.0019302785003287,3
0.6951184518619359,0.2937875363592824,0.9221640031094154,0.8123851381689217,2
0.935889879194577,0.1016113237627324,0.214095432122955,0.0408784666804749,1
0.6647893270031087,0.5400657228148126,0.7672238872685462,0.7019995650948525,3
0.7418091247433678,0.0308443630003223,0.5917905481531521,0.980709596091352,1
0.4719780733598862,0.1488136134149459,0.7699903070192998,0.4727786713031403,1
0.6164982702890375,0.1355651851372339,0.2071177131307252,0.7780891408802744,3
0.6306291433835369,0.2014547284985093,0.6854114801152923,0.5793846786344984,3
0.2986876649021878,0.2084237935319516,0.8901576026116468,0.2532968668424816,1
0.5691117822484738,0.4885814973960689,0.5890349389205747,0.5316781557868165,2
0.1547442180620004,0.857821772964346,0.8582367208215868,0.7652128670251168,2
0.5541562912547104,0.2097405608078342,0.2030308815796615,0.1885966313945624,3
0.4180291834721605,0.4178124451128391,0.7465069445486887,0.1086149541826252,2
0.6672852597882202,0.5739891570492578,0.4363600940863306,0.7789476335576678,2
0.2338199928728225,0.4188521383788944,0.4496549195196516,0.4365889332268291,3
0.6630578108406888,0.5462749720415605,0.822266548276457,0.4192398448570354,2
0.8397810077228578,0.6375118014441558,0.2351710082097714,0.2131834195281954,2
0.2271721925220322,0.7740994850340263,0.1728971809623342,0.5341214061958717,1
0.5393453900776499,0.6523438064630063,0.3918610909565677,0.098667669645845,2
0.4946231055949742,0.3126546394067671,0.2077988834405203,0.4775772090689433,1
0.2021428626766301,0.9622825935499872,0.7484862533016331,0.4955550732811953,1
0.0447033182047921,0.0774478840263274,0.52430169628846,0.177970330013736,3
0.9684552359923536,0.1422598104528827,0.3449236394830504,0.5619930653015536,3
0.7691046175532945,0.9142222026892576,0.6173156441743147,0.5673005932688449,3
0.6718167326248916,0.7192994691389726,0.8692237362213028,0.3891787642203639,3
0.4861746399232119,0.4577451261206156,0.5817562257127038,0.1195784525775661,2
0.0072041900658135,0.297358321036652,0.4795519612426461,0.8282631976328505,1
0.661644746694204,0.8265717068016809,0.0946714755671627,0.3006713953463007,1
0.8285384509893876,0.231231553537764,0.9017370565552094,0.0398603468349429,3
0.3812705788845231,0.4593327939367156,0.1984127457632781,0.9643561085024424,2
0.4844780266312226,0.4256858638667559,0.6734297774105287,0.7600826040533207,3
0.866892444796458,0.8526209973942319,0.7856230533936815,0.3672196584557766,3
0.3222128096548455,0.3614676115724045,0.6085728513899592,0.1130315652346315,2
0.5300551878407782,0.2169545211532698,0.3509681989089944,0.6163887222827817,2
0.8672946848173205,0.7293879404058967,0.7334507738668882,0.71709422453814,1
0.588628162379341,0.9394683344404532,0.1612843504776524,0.2775993415811794,2
0.3018006028744416,0.9430395226403958,0.6356444494513994,0.9534301950021096,1
0.7559255188601189,0.1993014177298876,0.3732914673887929,0.6724340964069817,1
0.3204548590294863,0.2471043406032688,0.3275187361653925,0.0709875784767348,1
0.1400639745657191,0.4589779412687641,0.2402906742398499,0.8724748448517641,2
0.4580351672508794,0.9583890660252036,0.2911493105406884,0.2732601617148052,1
0.7581534355714306,0.7050537269182648,0.2076530065325321,0.5257354981433889,3
0.5575638260938927,0.7638744303738142,0.378322391985603,0.6150047021900197,2
0.896193475144821,0.3045834730535061,0.2565233960264493,0.6265116210958785,3
0.1027288032922839,0.5934941057223251,0.0312700547219694,0.164129368154378,2
0.4352433409376399,0.7169890533244542,0.8782926017516297,0.8153587783150257,2
0.3543441747459429,0.7341944882251997,0.4064063786165544,0.5127521203260071,2
0.0147764086962388,0.1239614469694005,0.7075409738103703,0.3503788667192152,2
0.3968251313284533,0.8454507212755804,0.0087615063908851,0.1846045339196029,1
0.4451014618053195,0.8614587578242314,0.6130843956554543,0.7936100199508667,2
0.3419152641626195,0.6553530826396768,0.050619021196833,0.5459995054580405,1
0.7998284657478502,0.3051131781095239,0.0970632292371168,0.6634668161436668,3
0.5821220355332852,0.1966633111672,0.7341502890169311,0.3193887416965102,1
0.7400737867874226,0.2248516486939464,0.2526895904961732,0.8981127503213407,1
0.6532925885064078,0.1630550604814064,0.6924543071328348,0.8745342851169153,2
0.1482069528542196,0.8287349777838124,0.2313913726823139,0.1670716045312456,2
0.8912639045884654,0.00615116645121,0.1031016372659907,0.7343216004811146,2
0.8075929777961361,0.1109619665640658,0.682982499953922,0.9804904171186682,2
0.4768672700321293,0.1232246171292718,0.6982487133694767,0.1961511099097448,2
0.4238442288523447,0.979807704339906,0.8851006716589717,0.1226397733965161,1
0.7322383341253005,0.7233643880779702,0.0551599846034559,0.2073284960065781,1
0.596325335010457,0.2619747430792211,0.267160343111993,0.2858389560400001,3
0.9230044924679351,0.3223694064824907,0.8904983327525241,0.6559163652897898,1
0.1349587075024153,0.1096103721297396,0.3648548496921489,0.7244933409211259,1
0.5236214413787594,0.7367883205023081,0.2187915608198483,0.3928020323049296,2
0.6740660969000947,0.6880764052535308,0.265749713783199,0.39904513203406,3
0.6762404950405304,0.736652394413726,0.8476302211090475,0.9831006104673168,2
0.4873437461043322,0.0051477605809336,0.5889437120005641,0.0131652822666048,2
0.3901441643687156,0.1130466016279204,0.0526266637603602,0.010134947748419,1
0.9671422125221252,0.9567839608203886,0.2322958702933869,0.5038097642627345,3
0.4395555551002892,0.5620362032962908,0.7712806291503638,0.167723780402127,3
0.8153976457323203,0.2118656958710028,0.4058889249675791,0.0660877208873087,2
0.1495483498493541,0.1042244329672319,0.35092421221963,0.4204823249560788,2
0.6190022674713915,0.4649921532384092,0.5336814511778923,0.6302598709091995,2
0.5547645231006948,0.6584517613058004,0.7593782569177299,0.4474149366207833,3
0.3783829235543657,0.3498434442810126,0.4443241055222563,0.8421894714324054,2
0.3348787475089536,0.486914189232864,0.4615405353390019,0.6311597051527763,2
0.3549927563517389,0.4909836387267595,0.8075881701022796,0.966374042331687,3
0.8554917219676301,0.4272177989634237,0.3701537800348665,0.3682731527603631,2
0.006772061007199,0.1002531599081807,0.3344925173504756,0.6922391404588734,1
0.6442273005505016,0.4565085796263731,0.0294445635799029,0.6267231906300208,3
0.8546643424381202,0.5143533709812914,0.5958975108867565,0.6854336327930994,1
0.5068029742621687,0.4900107052807422,0.4069199915685214,0.4747387701519729,2
0.0956831552306712,0.8819589608788387,0.886994599425109,0.9129794796711628,3
0.0929710548729175,0.7760073558144552,0.8161998462289132,0.0908608338420373,1
0.2365925026883047,0.1899250540562435,0.2842271166304605,0.9511156567932132,1
0.0507205197776403,0.3775001211186424,0.7662798775626857,0.7426953969505417,1
0.6077013873253918,0.5385434132547567,0.5290553708475458,0.2519046680965144,3
0.6343752533879273,0.5723222399668271,0.6026765782264142,0.3622707665592233,3
0.1670330265410424,0.7868253923844468,0.172362638066016,0.3672165531253283,2
0.1287165032449758,0.6616983763436914,0.2854437172125034,0.7522600139301595,2
0.0401419346477132,0.2839607116195818,0.7839896247086654,0.7543575032303836,3
0.2791376381586257,0.9870913929471598,0.8358975189243585,0.3688692851602241,2
0.2657529398094957,0.1610139202746322,0.6840154178697494,0.897619389266551,3
0.7112725663877522,0.6682101601660768,0.1835361835660089,0.304949891406024,1
0.0983855279776331,0.6262264873018044,0.984794853410825,0.8955956097521058,2
0.4616951923458853,0.5794721738863529,0.9289331717203096,0.6474542835304345,3
0.7138758232131024,0.7816334420185908,0.1690367875494774,0.4693575296762043,2
0.5310025868410442,0.5890599862030063,0.3185998930400253,0.5868907449927322,2
0.5883322911511891,0.390107393266044,0.027063071664412,0.7743637776118597,2
0.3709120140257167,0.2971669700437495,0.5960366394357504,0.1660769119011217,3
0.8711132721299457,0.2395125518428161,0.3893118915962202,0.4956781856271373,1
0.739360113474444,0.9700293786152968,0.30578705521132,0.1131866596490547,1
0.9617283375349506,0.0179648413596102,0.9916375772704884,0.71002475054466,3
0.7871568146092465,0.095305126712174,0.128274559322302,0.808389309118235,2
0.972564566304465,0.8101360652073369,0.383697672887482,0.080748668953115,3
0.6268705065679306,0.943769565749256,0.8458845197316809,0.7282871615475591,3
0.953685224337906,0.8037817926357036,0.5036422134962136,0.354922942436999,3
0.6609529608064775,0.9302314691449984,0.9794314884793308,0.5221439574436058,3
0.4879089238173151,0.7756780780270452,0.99103183919083,0.2207451738452526,2
0.4273882699779616,0.7618830141197734,0.1385461265698492,0.8075672901247476,2
0.1940972979295104,0.883585667015684,0.8072276543301048,0.3172474950622572,1
0.0681828560346891,0.9224000634713287,0.08485325325448,0.1532500464516506,1
0.8915380156815095,0.9173432765843044,0.9413452239827872,0.0863764433872026,3
0.0573262188335467,0.6312563775260194,0.0035553276465609,0.959644062549791,2
0.7955626005714256,0.822791425347452,0.4216278847373167,0.3637577584378884,1
0.8385869777782244,0.1440910046742674,0.8668800389351718,0.9619099384346866,2
0.6717564454414234,0.1121789661723152,0.0915578929548747,0.912846195401542,2
0.032675540184386,0.582163910170832,0.2792243935327038,0.2362445901397136,1
0.8927960688338882,0.8789273135988527,0.1119708824672459,0.4241991906899894,3
0.4162223139252251,0.7543298740319678,0.7173150719537298,0.6171046307794165,2
0.3835636218337698,0.5025053814745679,0.0460345948203667,0.1914049585984908,3
0.7825291778717132,0.2180607586578544,0.6342082393762715,0.2793908324126969,1
0.3975145693436619,0.9083348273200982,0.3792980675580047,0.1411547179685111,1
0.6025651635769108,0.0306297483285659,0.8337399530713577,0.8230458528128177,3
0.2681892958867513,0.268968760034216,0.1347209236812842,0.1291034687572301,2
0.4227054567636421,0.6183789050615577,0.4869391687553672,0.498218772362349,1
0.9977141404424202,0.081055495593858,0.67673357562464,0.9649890848365889,2
0.4523245991841272,0.3469752329644865,0.0696440786871116,0.6663887862221449,2
0.0900832849576753,0.073519516090892,0.4871235778704152,0.0980330030746641,1
0.8547951077104496,0.4875097271046403,0.7971177448083739,0.7375079335212629,1
0.276116942905428,0.4815748611108228,0.0875376946903656,0.0131706536642965,2
0.1280454152588832,0.2449847748170871,0.0904666326538122,0.5661504981140532,2
0.0880261837863239,0.903126921512544,0.8135273705753114,0.0016154401196454,2
0.8863289303684468,0.0046110491918076,0.9396947859317616,0.4199236285882248,1
0.77754497624115,0.8347887375707536,0.4151432909158624,0.0379143958338273,1
0.3969766990433578,0.7770595043183095,0.1901661134416332,0.3010979839739398,3
0.5623109503453467,0.2479776744855772,0.1911319423931426,0.4004217299555461,1
0.2954646901614409,0.908583714468745,0.2297557837733739,0.7890996275009049,2
0.5940819570835422,0.4795230869799125,0.305891933042436,0.2677122872302536,1
0.8278384461151311,0.879683739008489,0.9867508783599704,0.0095124893671234,2
0.8287553188302363,0.8638276519412534,0.2074648390180626,0.582249099782683,2
0.1870155430280501,0.3819165344337087,0.234246326009391,0.7848417734547558,1
0.1981101892268745,0.5139635275550544,0.8853319105546632,0.2590346093059364,2
0.7752672475418431,0.057868462754509,0.6804691237560418,0.7134651970624598,3
0.6172703776404257,0.2725216351908072,0.2606825520018202,0.4461338049670097,2
0.6481865810614131,0.763662498142524,0.1746115476966522,0.8779093140770574,1
0.9700591250048544,0.8102885151613345,0.1022606999934999,0.5383651619374342,2
0.1218509027762357,0.0028592629425751,0.4119999051106306,0.415753619694996,3
0.0785407141819081,0.7720366107092302,0.368009685471411,0.9829261102497726,2
0.6774789824322297,0.2489900074492326,0.7170711497934295,0.7091582067027314,1
0.0362442392332639,0.8547850486114732,0.0742774112696275,0.5495075255276365,1
0.8190455566201538,0.2415657261589439,0.197288419208813,0.6656938139175402,2
0.4188495482784662,0.957652507923624,0.291600996450993,0.1825040801368985,1
0.3506616077626698,0.9897261946595636,0.614442625455026,0.3796022682232318,3
0.2058352361913944,0.8818629030586386,0.5220600675621343,0.0760090371615216,1
0.5301530018818178,0.2209098459106526,0.2083656462136101,0.0336929726820662,3
0.8034962862627114,0.3261383895182931,0.9685397987228592,0.1344824059095385,3
0.7397352380289085,0.9181775779774158,0.8245112104153526,0.6687518902288739,1
0.378147919345838,0.5188987860915071,0.081901971533547,0.948308749987754,3
0.3227249291519791,0.3508872080422317,0.895889920721597,0.1495678117585712,2
0.8548996427549274,0.5203927161814583,0.1745260772616197,0.5490956266988649,2
0.9851511966512856,0.3450876759538797,0.7986170971552535,0.758827033166146,2
0.6101506009818942,0.1224253308773716,0.2878962112624388,0.6373596543099661,2
0.835508769729287,0.8437143037988177,0.5815740464970688,0.6673612366236081,3
0.7619172064385741,0.562392187375029,0.7099913695095296,0.3093836149510297,1
0.7683655304839122,0.4025800252408793,0.8192645714329299,0.8861463776460802,3
0.831846703334195,0.2519678747984172,0.6071511401627123,0.0812778725579426,1
0.1485241218345749,0.3519521172705354,0.0818587906179795,0.4940017197464376,1
0.2935971128202568,0.1151069060806785,0.5698020636882812,0.5068510139967787,3
0.490780794582107,0.3282298522926591,0.7663344213776382,0.7883458933696179,2
0.4418575443974087,0.6486231529387636,0.4746526206918423,0.7738193754305378,2
0.9432418246458492,0.8907157126665943,0.7329110340720729,0.4466534280226715,2
0.9503446390034466,0.4339343572888167,0.5121406729879806,0.0762466247718731,3
0.7729186757534574,0.4590884563851211,0.4586587065879497,0.2512972374890141,1
0.8981204509035793,0.5594417273052728,0.3914721251057792,0.2771198485141624,2
0.5271452855743748,0.05651363884054,0.3009101360122462,0.5824361928327336,2
0.8793316738934032,0.7037932942348123,0.6042303322899435,0.7790139368977809,3
0.8000132293930183,0.2688104218768659,0.1927234531402849,0.1819260862119681,3
0.9391434722833628,0.3969093558620242,0.2642981385246602,0.8615106584997951,2
0.0467229929464955,0.2519208081689678,0.6178858816440063,0.1339360615920504,2
0.4138508709405473,0.0630720313645829,0.2979201303301065,0.8718868021709786,3
0.529250234244995,0.58213187080948,0.6771089560831729,0.537222583755068,2
0.328418622871237,0.358998570772154,0.395017967850557,0.0567365962444262,2
0.8501487283851242,0.1158263577469456,0.6553245396020635,0.0066326654408672,3
0.0141508155314978,0.1543193261675961,0.0189059798750573,0.5043331981456513,2
0.1668520116257891,0.9618408107437516,0.7410764806520441,0.9227706848198732,3
0.6398978788572919,0.7068423594558326,0.169562273847159,0.1489741478103547,1
0.9466380118388285,0.1058083189765386,0.1821757355936035,0.390765189647615,3
0.9480583682524304,0.5555024999421421,0.4696756539856822,0.1509158942828371,2
0.9014558966030572,0.5431261988954418,0.540534174459483,0.8155727648753621,3
0.6632072166322635,0.8464003260096163,0.8349269408361817,0.0009797985305144,1
0.8460409072748547,0.2023082092133132,0.2777384392766079,0.3989914186711794,1
0.9337815524623276,0.4319418177905133,0.6162391152802228,0.6721774902022816,2
0.3372224223244607,0.8518702666574867,0.6625019904086903,0.425092033564454,1
0.0223487443458032,0.1996407189379441,0.6588753096694477,0.6278438717475655,2
0.5525175871667954,0.1139381442760665,0.5909559289552352,0.0429016048621042,1
0.4984399304811182,0.5014155054528665,0.9892383315013068,0.6299383452918403,1
0.3285433077828005,0.0964893497470024,0.5424495290544317,0.2371199735337743,3
0.0400357703268109,0.8282776637256556,0.7541454156485285,0.7495145160736741,3
0.8308464480993268,0.7525230302959364,0.0236673893079699,0.539935020293367,2
0.3796966407178105,0.1865451146588158,0.808455839999601,0.3826495071119967,1
0.2712461233954428,0.6475928971799251,0.5898254101330899,0.7657101786684783,3
0.0993266851439768,0.9273251123662072,0.4012375504879831,0.8102576765692124,2
0.3782225076687439,0.5363375140960955,0.3250764225011705,0.8276088653567153,3
0.2437415859188157,0.0811898269637434,0.2630289547869842,0.7407932999627312,2
0.1617596421456079,0.5540556362560406,0.3742180710499672,0.3147434194023624,3
0.0167489110311229,0.8462088651549146,0.9156734846792134,0.9714244308667168,2
0.051376215691726,0.2832429170725513,0.6124359409488404,0.5282396522971105,1
0.4791785411446199,0.1625241279689341,0.7179268016936073,0.0437001009171421,2
0.2517698215240285,0.665960126751306,0.2077537880904214,0.4550944438090113,1
0.9217731912201298,0.5370144136887179,0.2496836833897141,0.491026654774,2
0.6378028364480768,0.2825002897525749,0.9799771280681484,0.0242073794408643,3
0.7094022695716399,0.1290680434482138,0.5984266532947005,0.5272609521316495,2
0.713795814527028,0.4837543256631942,0.2838066419767192,0.389989970856018,3
0.0122629225284028,0.4434686130410883,0.2308876530425293,0.0430706445219627,3
0.9720396876292884,0.0805545612825372,0.6177609441536692,0.3876034585070553,3
0.6180974126333202,0.5784595587612592,0.6369451468559311,0.6469328203798035,2
0.5538115802216006,0.8799650563689244,0.9284213617794708,0.427479911446139,2
0.9871611087208508,0.0791797623770171,0.3221099229804237,0.0225902756350958,3
0.3758559058155134,0.2388637425079094,0.9062309252787404,0.8988841850730014,2
0.5569043135494016,0.2096514446987809,0.742410318923679,0.0882816895728387,1
0.265390164429831,0.1994107484611719,0.3988584412502177,0.9458718992170082,3
0.0259016595302109,0.3250225715395296,0.401843694395445,0.1906437277045077,3
0.2164131286847564,0.1192186634959407,0.3165123195464446,0.8438481765918225,1
0.6818205854707597,0.6698899135369147,0.9809218501908156,0.9237882370248612,3
0.3839582170783129,0.2014887277506732,0.2107145428049074,0.5696495435957144,1
0.8797160000765893,0.8890291300795148,0.5773747324295527,0.1839634825857866,1
0.5031699104041527,0.6479290643924653,0.3494421250402822,0.4873368135076565,1
0.5740253362494143,0.2607181268463341,0.7618468717915468,0.9455084613294444,1
0.4897462845989938,0.8207475833048752,0.2832495643558462,0.782474561766513,3
0.65545172645303,0.6936381523904255,0.0140752049390066,0.6580966151120217,3
0.6342283335301231,0.4979691577492128,0.2327520107710168,0.8357318831708073,2
0.0041996998494285,0.9831315947934236,0.7588852326908406,0.6277401026735432,1
0.3938091629322273,0.3068413810349693,0.004929669277035,0.4321889639925839,3
0.1443292674648572,0.4307102372419608,0.1789322057631737,0.7219078106694727,2
0.3271521804715592,0.8480840294213988,0.2087242117595411,0.6723005789581389,2
0.0406916429265015,0.9618137059059556,0.1931741507429584,0.6352717983849373,3
0.5066463781371329,0.5419608566046735,0.1346025992011829,0.2180581178035265,2
0.4482366287931013,0.0311414886783089,0.0080419062287308,0.57839830561164,1
0.7995516953726539,0.7673464621207085,0.1621931854905044,0.9611440022843896,1
0.0802191679678904,0.4197653160893601,0.2115245626498259,0.3933248164875642,3
0.0405960392471826,0.3716646072363626,0.3510071717513626,0.1505330934721065,3
0.6714482830637937,0.4173130794882957,0.9509181962030157,0.2763739843566357,2
0.2689595029217624,0.2257763712834942,0.7923836181463126,0.9645459199261206,1
0.508909546116935,0.1735859049011971,0.5457367910876082,0.8499833948608051,2
0.7673824227148007,0.0685019667260378,0.7849544262947998,0.4648678589455434,2
0.1027046927459185,0.6884021752615365,0.8825427854525666,0.4926909750756567,2
0.010873760887555,0.5028468076902466,0.4958988472725569,0.6170148011749372,2
0.3120713508356978,0.0133011612076238,0.7117260642155073,0.0280431302334015,3
0.4698161737066361,0.1945798853975522,0.2269959713871618,0.9160459295006887,3
0.464630562026374,0.1768368561322002,0.54415167765352,0.5589549365942071,2
0.9323582366527124,0.3194668553592135,0.5212371232335801,0.7378984576426861,2
0.4002533313759044,0.3693411066237054,0.0892826079225925,0.6081902814611946,3
0.2380038036539288,0.5965623462282493,0.6625934529961885,0.8371871267187425,1
0.8022994588526222,0.841518959025325,0.7205912459760337,0.0531046848170256,3
0.5466512685146443,0.0844864749154545,0.0525527081857764,0.26073796251228,2
0.9756833012539984,0.8314029950619418,0.0296925506410263,0.0969563366811649,2
0.1649904483344433,0.2764948476696695,0.8004193737933022,0.5776891151891045,1
0.6554208267633949,0.5836283855518118,0.1602505848940545,0.9022802184025404,1
0.3702464865573287,0.723137399907805,0.0633738490344306,0.7009108049542851,1
0.8038404469193889,0.7879498787985092,0.8822753123969509,0.6657733255990553,2
0.3362844889758227,0.0222506797240432,0.7506097592497306,0.8591402271979456,3
0.6674687363622589,0.2857506972481537,0.8610829401128179,0.8580030353865841,3
0.563995833971556,0.2845988317947131,0.8566555834401778,0.2510034250385583,1
0.2921353498661203,0.5555929416903819,0.8990981184411956,0.92235599924871,3
0.1519283148614419,0.3373112963008869,0.9156220672037432,0.8965162382123387,2
0.4200800658843263,0.384994800920212,0.8730075799819191,0.6728226898475878,2
0.586354034917722,0.5277787077315382,0.504194169089685,0.0022202107061989,3
0.9790591819385106,0.0963011067588112,0.6735375171281728,0.3348225912160583,3
0.7181804256431423,0.9837556629726684,0.4846403164937488,0.0818339114710138,1
0.8664702365650419,0.9247973044715028,0.509640346356884,0.1101536257478589,1
0.3256108933696873,0.5880003981610001,0.8079210217245489,0.8018344221061113,1
0.8256448176907564,0.3753698247559731,0.7028285906833249,0.0019879746858942,2
0.586723738160532,0.7235160051878551,0.928650969864082,0.9400521690687824,1
0.0534261649012005,0.46473673661839,0.6054640433308941,0.0712214146083941,1
0.241493108630809,0.2494239383255987,0.3730062097182156,0.9596965786927388,2
0.5135662020169605,0.357486617263685,0.7720249699926617,0.9522687983751577,1
0.4417209258314279,0.3834445575428167,0.5421568522847836,0.3751601502687673,1
0.6641695385662097,0.79617352917649,0.9208998756770604,0.4615412471423342,3
0.66217223452861,0.9199401985105172,0.9843318110544824,0.1081590082992497,3
0.3406156619349048,0.2675156033201449,0.8415199809121777,0.0623816649266796,3
0.903552020944197,0.155682407839606,0.2217416366799363,0.7067980831252034,2
0.2602465400718431,0.776428380928792,0.7568734064418838,0.1053432096383505,2
0.3324205439209715,0.3156306243496216,0.0867978263311805,0.3533426929269117,1
0.2552997708120552,0.5598091149898944,0.1035267524537276,0.7786888309064363,1
0.7116524053130632,0.1358527139672031,0.9103516874225,0.4481538979740037,3
0.9044891282295492,0.8565686140536037,0.0099698589529537,0.2679442898562366,3
0.4586582962007177,0.0396858154143312,0.2696529692601435,0.6450141013506575,3
0.5470666573485056,0.2627294122875984,0.9957154097449512,0.9360012100049996,3
0.2876887223894904,0.6059986506164738,0.5515718300764088,0.2989027631825164,3
0.6017061791746966,0.8875199489562259,0.4205058289415952,0.2468280511670876,3
0.6897161461912998,0.3451072826356365,0.1923063671613132,0.1392563581727784,1
0.4594062615705601,0.636125207643884,0.7460961559863136,0.3906083292325638,1
0.733170439410152,0.950766303040297,0.5394742898633895,0.6257572801136775,2
0.7733343411686785,0.6419423013801506,0.1080826540611964,0.8043227903272361,1
0.0350848151992795,0.6133537538468256,0.1463054121515218,0.6477807812255666,1
0.3860477078519484,0.8208289275625251,0.4201841299501556,0.2451689870220754,1
0.960721710880347,0.8300730350552883,0.8260390840715066,0.7163422119344677,2
0.455977865377684,0.8058186542860976,0.1728070618147237,0.4693991442838529,2
0.925764814198006,0.8215648022964468,0.3047876703603615,0.9777674905353992,3
0.5642535272181627,0.9423967694683262,0.3696512912524867,0.3392507669554995,3
0.6766182394047523,0.2306066612631497,0.8874611995338522,0.3296273801718322,3
0.1538409777322142,0.1906475225498412,0.3862539251416562,0.3791574940731441,1
0.885193528428271,0.7094033801541837,0.1939218346772296,0.8461783563906631,2
0.3832840902977815,0.8537891840016535,0.7639764166864226,0.9458056400377982,3
0.7407263267660493,0.2764803933791773,0.6861185564261828,0.7601110341440507,2
0.1289539804195616,0.5123092007956339,0.6540762704519096,0.8438688848396918,1
0.4634512873506432,0.2692131300381085,0.8663835333221586,0.6038309696968036,3
0.496706632489254,0.7739306982838702,0.9228377663679056,0.5028877755729411,3
0.5433491149751611,0.4932272363858053,0.720320061142503,0.4754892079604387,2
0.1754625624955291,0.3164708303814634,0.6818258069809807,0.4289254910721738,3
0.5939389337588827,0.1444948220067765,0.5015329624044272,0.5138569478292676,3
0.0864912539499711,0.990367139678444,0.3341401554316303,0.8169890591208588,2
0.819930624664717,0.4417751780178753,0.936619520278406,0.3950057815666797,3
0.572846743353217,0.5248470584215635,0.4229525673652562,0.4143952452317365,1
0.6575788236332043,0.1368848538993425,0.1672931521779045,0.0539529132851199,2
0.4974622020786263,0.337019147158445,0.1455402928385273,0.5700083709289708,1
0.6218969452457631,0.9215545881659488,0.6859673742296691,0.2887203684053693,1
0.9147839068140708,0.5083247588823508,0.0917227378188522,0.8369228617861827,2
0.9790114621003452,0.6084195256371027,0.25649863238357,0.4207097888087437,1
0.6742425423229318,0.7760155992331975,0.3562339039523725,0.1574598167123158,2
0.1946247790238842,0.1726970838440766,0.089804879250026,0.8354577015910069,2
0.7020541481848624,0.916620338570002,0.9024758369485404,0.6436200339225409,1
0.2651963283025735,0.3000715625546823,0.9229078155873016,0.0386680691929274,2
0.1056111476829129,0.6715049666049591,0.2675118306435436,0.7726743967204088,2
0.7368646727661055,0.8388018432084657,0.965645081990231,0.6736614670472688,3
0.2796876543364109,0.7557822101459523,0.6574056304204865,0.7993231806098667,3
0.1977095494093628,0.1540321077643698,0.015131251392162,0.558936549389539,3
0.447194635154107,0.6333203068364783,0.8736675474633703,0.2528721548418554,2
0.2815975720813753,0.2354398292698348,0.3553139587885131,0.419797900075847,3
0.7756217962794455,0.4225427895876864,0.3708912417893334,0.3542092647077575,1
0.415631051147351,0.8627850277549977,0.0324501692807974,0.4732488257661243,3
0.3280377281982084,0.7617967096139565,0.8936305439178038,0.1453518337372744,2
0.6120015881861287,0.5334090814382375,0.0921544514211254,0.4705122239488584,3
0.4573936608355768,0.5673716827590523,0.0285157411017064,0.7786269952174605,3
0.8444960764679665,0.5706049719778882,0.8333056098979214,0.7773455793462746,3
0.1031615567426299,0.789431160513798,0.6630000320219643,0.6282619605458168,2
0.3915078430237926,0.8270957211848743,0.4513687844023255,0.3582918723762206,3
0.5726380257808239,0.3577948440115491,0.2287494628293357,0.4117364869299865,1
0.3223092018026098,0.3633469057293366,0.746384220685793,0.8929553295671904,2
0.7418602227602429,0.372119850069543,0.4862226150422996,0.8947269952043755,3
0.3869257178478703,0.0481485413153439,0.1862929163538921,0.1231838495849224,2
0.3662274305266015,0.8118418687236534,0.948480441127164,0.6567674835292008,3
0.6104179726862198,0.1144239455406144,0.665413350927967,0.0253684905302931,2
0.7615414974157707,0.4196553288347241,0.2864688438704629,0.3970765642200128,2
0.189642423346934,0.0682235511011216,0.992124215208616,0.7779867341320064,1
0.6006218343388526,0.1625950360661784,0.9956784563180844,0.1690483997242722,2
0.5525100106041722,0.9279606763781278,0.7039640563870184,0.5039425153792316,2
0.4101767349382162,0.2237104721044844,0.2384486947977746,0.6375541892987693,2
0.5857052755326532,0.4983785987978872,0.2929354762252768,0.2904176045047641,1
0.306232053576053,0.143383390838061,0.2458694192322777,0.503762621148207,1
0.2576048178962375,0.4573580951050444,0.883624766801316,0.1592701663253425,3
0.8468780192543924,0.5341233242185135,0.9231608894757394,0.118233820287383,1
0.7656774638040659,0.7785331189979231,0.8218916849256888,0.5204952291297029,1
0.6469480531746008,0.1453530197446627,0.210706161036979,0.7355432803940009,3
0.6443741355471853,0.7768896741408026,0.3115817526795925,0.6806798506155127,1
0.271521564726073,0.4573093930777908,0.9124443572042829,0.945597479935548,3
0.2811119426701063,0.1567851578401901,0.2016112182306253,0.2826301612018201,1
0.1073123327551918,0.8119017320622789,0.425204970746286,0.3372119975651935,2
0.2529643280078306,0.304444364842695,0.3172478959628141,0.5118357709519172,3
0.6394778424759409,0.5781369885441705,0.3207549369142884,0.6418080420015656,3
0.8224197295157608,0.5548838434301732,0.8089688906434126,0.3328923551878813,3
0.2160132461078542,0.2627017408056391,0.0595260769631688,0.9822913554239432,1
0.9133349707490576,0.4762812377354597,0.2476324800840045,0.1587931511627253,3
0.5153966099677476,0.9943926249127764,0.7478989675210816,0.2602353911843122,1
0.2751912359750657,0.7108360618396192,0.4973974586300572,0.9961883392300336,1
0.3314378855491421,0.9900009510857436,0.543197514608995,0.345589197736201,2
0.5117298826569325,0.542752539130885,0.0764441228745409,0.9006184812640503,1
0.3651793727251065,0.1904991317968382,0.1136193428126502,0.1362160968082475,1
0.1353126267147252,0.1994487715976974,0.5150777618385427,0.9358263224718868,3
0.7061168531980201,0.5836348723071952,0.2360069558106522,0.3764509100243449,2
0.4579283186496643,0.8148428913243732,0.8522157228411186,0.6393338936957186,3
0.5324780022682281,0.617304552201873,0.0161480855850306,0.3020524122404169,3
0.8782318340048516,0.3992675709020341,0.1208324463484806,0.1507858134387255,1
0.5425305057940539,0.3068898974164074,0.9865208106502512,0.8243844998174915,2
0.9352119165630952,0.3751998713991253,0.9579942403025404,0.5416751405880809,1
0.6077888883591266,0.3871232908512821,0.2204785021117012,0.2553848598564383,3
0.6337635422064576,0.8266589337682902,0.2588192251414419,0.8930095744789235,2
0.2440883146868485,0.4641106406677107,0.4505834712451048,0.1373329802261595,3
0.5396638901874546,0.5069888209225214,0.599575404537556,0.9952766749978392,3
0.8421478074987051,0.2033192637040546,0.9974939788943404,0.7440169911276524,2
0.0786419962366905,0.3424030343162628,0.8945623894411393,0.7982932969106773,3
0.9460281887174417,0.2281580950816448,0.9259085327694652,0.5673257431706329,2
0.5635614604062968,0.0459688401173143,0.9492402034787693,0.815748833351956,3
0.5325289985868947,0.3639747488714464,0.9230859031990976,0.3696266624988313,1
0.9763283380039596,0.1602263393761234,0.5795562014933058,0.743729943101768,3
0.5324809491855764,0.087564350376053,0.2524061040010545,0.7339338123953341,2
0.8190808855497685,0.4112026184464425,0.1806761056886203,0.0100414555807463,1
0.2491292004292379,0.4656362915316692,0.4846713641545931,0.6408323052429994,1
0.5309001497408711,0.8272246275978653,0.1422566805457263,0.8538973226652813,3
0.8194500902106905,0.7516193858283143,0.3338904052573168,0.6547081188390187,3
0.8205770072038198,0.696687484774633,0.6800490005955724,0.814489067742834,3
0.6885483872737301,0.0298236447568149,0.1960940483009541,0.3580203990563293,1
0.3872097474519099,0.9175035186497624,0.8552577333770494,0.266272146036588,1
0.8172669575255538,0.5879749184417159,0.3258244835361813,0.6871063219832066,3
0.3176198557233781,0.1250577902070653,0.0453294257273971,0.9066842685401928,2
0.3696204941042128,0.233931462810861,0.6426140295399133,0.2188036069512557,1
0.6017549928492393,0.2051871794517588,0.0233646542637272,0.7092354601189947,3
0.654187003167749,0.7044233058692644,0.5686544322688681,0.4383267862448285,3
0.6922739724650818,0.572938993734925,0.746420435543471,0.7615042570527937,3
0.6633738310015274,0.8419881033572362,0.1157446124245755,0.8565511439230417,3
0.4795876456242872,0.9454346194518348,0.940747304854588,0.9162621199595982,3
0.7623539622096116,0.4350991820104612,0.273863683812771,0.9661551771773425,2
0.0904073211929872,0.860628073334192,0.7503975186731902,0.2943997097587038,3
0.388143046110957,0.94098685620146,0.080595977508148,0.2269926738135198,2
0.6873362042737702,0.0239582384755722,0.4198278554071216,0.3689829320199692,3
0.6981283926011721,0.9028337004929088,0.6432190647289168,0.753132701425856,2
0.2752295787722713,0.8069615843569461,0.1940883519609878,0.8450135065379475,2
0.1962804500396422,0.153164899686656,0.7824446371068081,0.125993820665263,3
0.301733403150245,0.9448049560443352,0.150675287899344,0.8538512201837095,1
0.3985136637580938,0.0658094477414632,0.0911229964425055,0.9570227012290008,1
0.4072828802076728,0.4289286147950162,0.8250028408287494,0.408089023458401,3
0.0589620649369865,0.5586293943934195,0.0957370994052891,0.6706494312792824,3
0.4033047360723483,0.7436140896219213,0.66174688610376,0.17574727344253,3
0.5632418362602617,0.4179550528130588,0.0092201724576465,0.5112782906833789,3
0.0745666506716142,0.8862958075993266,0.0714452574757077,0.951711892035808,3
0.3465733303348396,0.2023175338883838,0.8464240497084399,0.2495352983267743,2
0.9066094197821152,0.8211316632889945,0.0016071288963688,0.6085904582256856,3
0.4750991560387464,0.9601048315986236,0.2527988029485016,0.390376582323497,1
0.0448223652049472,0.4538531558007902,0.5045941816964518,0.9257140705672732,2
0.949552612028315,0.4314236409471824,0.9276035389609836,0.2687191261579079,2
0.150972711466063,0.8196462935932468,0.7816309508398994,0.6295450241418415,3
0.7753915341327159,0.588425033832757,0.3770225231109931,0.9161058670947122,1
0.8499925999749336,0.1555213779317922,0.8379719189600513,0.1202847007497649,1
0.8664678977137662,0.8075143915496874,0.7116324063971293,0.2772028279371202,1
0.7029866860772599,0.0053698824318899,0.6108779132001496,0.9193345185577692,3
0.3687081138668008,0.2103145744998177,0.3064227799999965,0.2387650648064445,3
0.2298085229905184,0.2989961429683871,0.7476947510424866,0.1567779862673155,1
0.9866236082761172,0.5304401029730759,0.6275443824638534,0.9605789403566364,3
0.6731137343011276,0.1284031527049478,0.603205405762167,0.4918620273326863,1
0.8966392874725577,0.95682072330174,0.5935765295760622,0.0855279292303538,2
0.549548982480762,0.8801564359582311,0.5775554000571305,0.9751284753021712,1
0.1649895291030771,0.1546851001172302,0.0083611578135796,0.9801580735280996,3
0.3220072572704329,0.4523037391443194,0.4582621857511885,0.7744910865391262,2
0.4017415228584077,0.1975576308055245,0.5182112869924776,0.9258981790767092,3
0.2556225032972076,0.9174581137429132,0.5851127669942032,0.9026531846271032,3
0.0645151464857729,0.1609317582088603,0.8264536151004498,0.1659167692968144,1
0.1481949231102217,0.0963650147310943,0.951425509412372,0.5568959530613221,2
0.8330780543747442,0.4768096850644394,0.4538333957030714,0.8083994038945137,3
0.7790982097421242,0.8086436928830415,0.3614810196868355,0.5205967274376305,3
0.3010206213738079,0.6693889121923182,0.3778584493497992,0.4499781343315409,3
0.6195144741649429,0.0659650094451895,0.420983506396832,0.4466205694253057,2
0.9667615921440824,0.9682329730932496,0.3043873093830468,0.4117644689718538,1
0.8515549188691494,0.692701826211558,0.473947467296509,0.3986524934452005,3
0.7353848483280936,0.4040117139808621,0.0288456499321749,0.3348015331172729,2
0.9137678254548172,0.8819756926943857,0.617151808802596,0.2469503277564428,2
0.216659382424203,0.5533755302166826,0.5862097107662059,0.3610011807973265,3
0.3515227492635518,0.8803984921994784,0.6994246833862422,0.3657150508412833,3
0.7124574992349503,0.6134398695494916,0.5683270137193903,0.2848870148980325,1
0.4055605305832882,0.6394373110306127,0.0840769794963381,0.6953596640782822,1
0.8349887254177231,0.3694546256132195,0.9211431279824082,0.6715306396076962,3
0.5627043562772746,0.7222415997496088,0.902042566976594,0.6356377928492222,1
0.4261471767885775,0.7868363956155074,0.5926423928930523,0.8812811798250035,2
0.8261015482566797,0.2826682839707732,0.4804079443517147,0.7270374472526311,3
0.5443696371888487,0.2830880794143181,0.5767861469908615,0.6557766471789571,1
0.8452842120408561,0.261106187678628,0.4968279818182911,0.7316463425337253,2
0.0314215932177111,0.8459954939035923,0.8935274054522883,0.1326791240275592,3
0.9633726237661112,0.2441310091165686,0.5647840542706131,0.462507061138115,3
0.6918724228313298,0.3110021078775812,0.3540842991050075,0.430283655600275,3
0.3893191014084509,0.6372700587717905,0.2209441512770086,0.3382276838240755,3
0.2594735143266133,0.5437000860319763,0.1350458426602833,0.0452351338749215,2
0.7036446375136224,0.9844943593818968,0.6901463711420229,0.1679903213910801,1
0.9777891503519216,0.1955931630747936,0.5699613295754048,0.9521853090040368,2
0.9460152029156784,0.155933373171775,0.3578189249872416,0.7657526025265183,1
0.86076517005638,0.943830797881417,0.2201763562893288,0.7423094757373571,3
0.9541694830970302,0.1698037815690609,0.8235242648481672,0.7495706367112149,2
0.2039149591562585,0.6740954040015472,0.3156853988818483,0.1339407293459541,2
0.4416019205908718,0.0873795607088373,0.3639579248642236,0.9604128347773706,3
0.0733929394349522,0.6438733626592574,0.8695714483182401,0.7622830162919628,2
0.0929861652092808,0.0945956530096313,0.7031464969091256,0.8506138792592495,3
0.0316138865208617,0.3263341613784649,0.2556905969348625,0.843472755469206,2
0.6607784181461993,0.9822245519692164,0.227031050142167,0.344141435009383,1
0.0941622680345826,0.3337928865064479,0.6584505923296571,0.2484962842220872,2
0.86239067918756,0.8578493518082577,0.0275907872544997,0.1808530074307935,2
0.5558827976384914,0.4120228490616294,0.4681055693760795,0.6736214043050702,1
0.1260836803005772,0.4712504768949612,0.6395873191522227,0.3190976623253203,3
0.4502657597644229,0.0898767442333807,0.8707392517131987,0.409526633891127,3
0.5102289039600802,0.3001530545893928,0.5728007611761898,0.0062032600769409,1
0.7869397655556537,0.8841146835411453,0.2466767681628056,0.6955249574569423,2
0.5171364297636601,0.958825667868508,0.4002278611764661,0.280459357627835,2
0.0424251252466159,0.19115864396921,0.4056753643695024,0.4340992558989244,1
0.739185287215348,0.629369743741021,0.8140739573084043,0.2414310285909019,1
0.869761417974478,0.1900251338518568,0.8694239066171605,0.4179555124429458,2
0.7499719911051409,0.0754057028791225,0.583703091001166,0.1562533034598712,2
0.0787710452843174,0.1478795030069205,0.5282078091737908,0.4463390762655245,1
0.0720284086455994,0.6073082429181407,0.3625044533370293,0.8195217832572613,2
0.2410603977937832,0.7319913801116361,0.2364914829759947,0.6621215866955629,3
0.5066931373397353,0.2222857925402115,0.8506963996882311,0.947520152482144,3
0.2553413697847719,0.9997841757083884,0.5269537400938665,0.6091761931085906,3
0.874074318713502,0.6378790459247761,0.730750197006034,0.8275801433063079,1
0.3703790172585216,0.4757423718663353,0.3164693691443908,0.3221426425084041,3
0.2039547569812134,0.6456121339071856,0.6582705316180645,0.042104381153441,3
0.0959585927485214,0.5233980616020409,0.9494122062638444,0.9486467439993604,1
0.295782418443561,0.2681486260676925,0.5129118793307105,0.3608476403862118,1
0.1467693433895348,0.2080707715575918,0.4446355744402716,0.0104954174601049,1
0.7317582217016804,0.6860407603088496,0.7523801004150009,0.3554035224066246,1
0.9853990069661056,0.1054229983599925,0.5266211474720282,0.1989290964691807,3
0.0870533223806798,0.9381833721184976,0.5911147971005226,0.0920247447939747,1
0.435020213263118,0.2741156963038325,0.2961778773499839,0.1591888473624442,3
0.3275506412579961,0.7121515437716907,0.5977810316170381,0.1082379927368556,2
0.4843354218482995,0.8440538301793236,0.1306442608746771,0.7400845935061123,1
0.2244204883076827,0.405724520687821,0.1764119314737184,0.5327564377982228,2
0.3378637065008867,0.1075963748800016,0.651624685558114,0.5712256311431009,2
0.5635331189492075,0.3257578734272428,0.6536361932794104,0.6091121982171003,2
0.5819834645893462,0.3023552421273628,0.206885255638671,0.8184660138895251,3
0.9133502594326448,0.5277062156724941,0.4800217234126781,0.31825003792578,3
0.7230686174337176,0.865347476179388,0.3440300011790845,0.0113735649351691,2
0.0362971227992851,0.1254268296491149,0.0578713665656541,0.3581580453736103,1
0.949101893546064,0.6311989547206227,0.5185145576891962,0.5336429513467822,2
0.3623895905341244,0.6560468156590125,0.8934008498503985,0.3414473655157719,1
0.962302333636922,0.7572900097598405,0.6522274016022912,0.9041045263256516,3
0.4804032975240098,0.456104842815164,0.914748533397434,0.8288848824993647,2
0.0733876653086006,0.095319896509027,0.9629681112953326,0.6621458239965223,3
0.0905933329440964,0.3108319052464247,0.8033099742770651,0.5144980029119812,3
0.4649530926859077,0.2784500887395403,0.0888700205794664,0.9132241824378358,3
0.0177242743633975,0.297376072041022,0.7217070460717615,0.7812447860139752,2
0.2885502823384088,0.73264424969098,0.9497994913295262,0.3573086930600422,1
0.1211872687032024,0.8511890503876276,0.2302399503938731,0.6699862407411573,3
0.5839169644269695,0.3122994462663271,0.6731999925927408,0.7531773998635158,3
0.3179071979348918,0.8895543727358272,0.6887250343229123,0.104857495169889,2
0.6423452932862969,0.0629426529568963,0.917766141868619,0.8896552820771967,1
0.452710769171274,0.0100971091349324,0.5549468724566257,0.1000408034948986,3
0.3629518193799634,0.172030740219553,0.87061510435305,0.6208246414392814,3
0.8676672856729817,0.3885836669580002,0.3096293817181914,0.4668975209683009,2
0.387438247956075,0.3251361436256764,0.5132231872074482,0.4708330310787246,1
0.2047744034891256,0.375512304623791,0.6596860008806337,0.2433273974594867,1
0.6180736515111859,0.9588057048257363,0.5835924839314791,0.46380903625703,1
0.937637292775186,0.8915544690452958,0.9297306305509904,0.4839926841453219,1
0.3020647020019223,0.3015473627712234,0.0079145860481114,0.1197544025140522,1
0.0744437109814374,0.3699098521705949,0.9485659547289028,0.3935318324908361,1
0.9896553436514912,0.1250056411604805,0.2890932433972982,0.72747054626366,2
0.767923691348725,0.51044444671982,0.1249253520895438,0.6589996957421106,2
0.3089631854586017,0.159435366293185,0.6836460219963068,0.0327700825307162,2
0.2788333373565346,0.7267021658517484,0.8745207338777817,0.3169953464054128,3
0.5014423180374434,0.7151845813596672,0.4561593833471942,0.5024826969129471,2
0.2822490444253535,0.63511140271111,0.9588842191235484,0.6751577429309109,2
0.8394952668184937,0.6494994948138786,0.4510242052232197,0.0471406791610409,2
0.6308986177535202,0.6713401795016063,0.0997240534986667,0.4631946976752216,2
0.8445557942719342,0.2049877006332754,0.3038824363173814,0.0943679318774912,1
0.8631127555633202,0.0378263655974027,0.9315030455132112,0.513324847673227,3
0.7215253549510212,0.2079915692751063,0.6308273845575141,0.6892295832933856,2
0.2385370480750288,0.8077027943172218,0.7944442373333056,0.4292416033132249,1
0.6229086256387235,0.0357090415323725,0.6695196930397546,0.1849015542273774,2
0.4281139079437228,0.5866191626508549,0.8112722332321463,0.3776388948388297,3
0.219487533031935,0.9423890589336186,0.8588302105526481,0.7492438290901872,2
0.7032383163440216,0.8004845278465639,0.5422927505957654,0.6527443263643659,3
0.927594228315242,0.689573017612475,0.1159713844834469,0.2769924436601666,3
0.3277797095408825,0.2767079895737138,0.9887823376153644,0.5453758201464335,3
0.8751219898039952,0.566905963857739,0.8618796550084125,0.9540753637936524,3
0.9289790910146009,0.5395045062722743,0.5097138601472393,0.2264622531071509,3
0.6392211299501114,0.4575888926941449,0.987096990860516,0.2694483841498778,1
0.1645560440494187,0.6298505758479584,0.5252109750736957,0.1658438260397923,1
0.926223192142436,0.5933799697252903,0.0591064085514311,0.0366305737273292,3
0.4608729987494315,0.4533780255741476,0.4383393327853631,0.7064768309786749,3
0.7422880236293207,0.5072758559948728,0.5115938650343315,0.5912659035349886,2
0.4187390346734138,0.5766060936787872,0.4141903314028975,0.950311066919509,3
0.4994705471468608,0.8742596975190707,0.0001496383676864,0.9661845325854376,3
0.9791929386028456,0.381085902620383,0.4638221748021367,0.981697518059106,1
0.3122671993358072,0.6734790759382953,0.9123554175108984,0.6870837592967437,3
0.6352240924082551,0.8707183122058848,0.578520753818693,0.8402818336753228,1
0.3571579438012561,0.1608425979489072,0.93288560266637,0.1313729353282661,1
0.3992944445925788,0.8064488592648439,0.4940636265270687,0.2418648787936546,1
0.7244577841993949,0.527959447912213,0.9055392163146072,0.103026828753049,2
0.8411737866250126,0.1932131395897234,0.0639924542297252,0.3267375829015188,1
0.4354365129952944,0.1013283994022855,0.7354738619199027,0.178911788609055,3
0.1308792003689263,0.9343599171451616,0.1718716252526703,0.5812316167847259,2
0.4699361260843239,0.7649049105460486,0.1563389743816207,0.8601809767460832,1
0.9663736028268552,0.9446084942595387,0.4935631385838204,0.909619802924212,3
0.2894172827722466,0.1453520993553624,0.8247556357715798,0.1578748717549892,2
0.8552446922021459,0.8133316255748202,0.1475630464078888,0.8852212238881634,1
0.8618166703237022,0.7394557870974401,0.5765567037095772,0.7530131170608185,3
0.0577672003303159,0.2479124202962558,0.9551547258104486,0.2396890548808746,3
0.9848082215769106,0.0582564402640384,0.2482982367550978,0.8752891919607881,1
0.3774338937915757,0.078318447490135,0.8756840333150837,0.5215381704776797,2
0.4241294349214786,0.8657186208557894,0.3425097475869072,0.5957762260696562,3
0.6573528924564065,0.0393889640713793,0.3026648410258438,0.8885769454756126,1
0.0255676880256238,0.1004705421151038,0.3935707148141011,0.5956060453060571,3
0.0342989206652656,0.7435549310030392,0.5936404930087803,0.997862643142692,2
0.5317552287910826,0.6597103165339497,0.455942628528594,0.3362228936294034,3
0.6279729595818635,0.87533522302602,0.2127055055472125,0.8446253869163598,1
0.0572013531623999,0.7765019345656641,0.3384161735018606,0.6547305270756092,1
0.8096131719287308,0.0631019475109089,0.5349851544027481,0.7530040230114714,1
0.0936818009131238,0.5876848838545553,0.360695714770597,0.9709421647753824,2
0.4397808338408042,0.1061911908556269,0.6611233056798141,0.4002808292965331,3
0.0677337155700387,0.6018969587081526,0.8519390922433355,0.9418135126799884,3
0.4297864521832524,0.0073400020197247,0.1770225559973702,0.3561922052233109,3
0.916561626635257,0.6110658284380285,0.2275549906516054,0.0293841045933437,3
0.8149277956051638,0.2890961988666792,0.146929842251402,0.0249735219555038,2
0.9387420356673948,0.5422974101123526,0.958329334877008,0.6929972403674894,3
0.3905612012977425,0.8969808361513314,0.3033295203764292,0.4123103123778048,3
0.3471497134008089,0.9267632511991896,0.0912769080972756,0.0953320313814016,2
0.4726466645892341,0.7745029218295159,0.0543993157779854,0.3193317236589293,1
0.3007722500149834,0.2999767681705105,0.6021767077045851,0.9408874389631696,1
0.9911544858337082,0.5660210097934265,0.4290589557029517,0.7745273561685009,1
0.793113330305481,0.5265306174836637,0.4622070437245446,0.2778665500536049,3
0.2741857317553513,0.932187140168896,0.7021201775938312,0.715023155451352,3
0.4837872247795161,0.0495310592637965,0.3982939427366303,0.2332839334086748,1
0.5252156470191003,0.4557075470720927,0.3887119170309895,0.9919147159494098,1
0.035564194538367,0.8042637013183354,0.3125053156827645,0.5442658661094616,2
0.231380935367948,0.6427812791198806,0.3506033743083113,0.1046464436704778,1
0.6001581930580839,0.1517592033369367,0.8981381945685716,0.6855746292693303,1
0.4055650277987077,0.946527660924356,0.2783488668110685,0.0621398824958739,3
0.3667404717684852,0.423796427353314,0.4446953892948531,0.8287902991738637,1
0.2161570298610104,0.4417039957919572,0.6137464328928304,0.7925727565089663,3
0.5184964198715196,0.3386277179592216,0.9282177468007884,0.7248315111636404,1
0.1415675644149377,0.8677700786834769,0.1243507793872676,0.3695532375990613,2
0.2259778874831687,0.2489162740760518,0.1685368862978287,0.5698690407626688,1
0.6148468648146159,0.9068638393921592,0.246342928318987,0.3474570749323348,3
0.8934468368534463,0.4027651585680326,0.3447437170118393,0.1252078647704765,3
0.0516312255943554,0.7657797308416203,0.8405403868062366,0.3245260258650663,1
0.8299277357933996,0.7049279793905816,0.288035933860971,0.03419570287674,1
0.2281925200864344,0.0128050437048379,0.0579887969669623,0.4817106887036502,1
0.3497550531856987,0.0640701085642517,0.8919527098200314,0.1926793909569137,2
0.6702834149346628,0.779022307756811,0.9867077827512566,0.0565907094429719,1
0.9172381500559018,0.0662498967580957,0.1463614332071092,0.7221957175492411,3
0.2583109487674896,0.5061298130988787,0.973258009596981,0.2128083822181398,2
0.2616293781237381,0.839556906611833,0.0277462935131794,0.2216481722801322,1
0.0039714556279882,0.768444112368987,0.0022424482554529,0.6548055293524421,2
0.520323113797449,0.3039680434193823,0.6391814877079837,0.3477882128958692,3
0.3397846451934161,0.6217217592923115,0.5545518731900706,0.7911948531164888,1
0.1280416295120078,0.707496244246302,0.0558241413938702,0.0911074998063223,1
0.5140085460838015,0.2546459326688005,0.4499092636416516,0.8981987192280911,1
0.0513254857011853,0.3050039395740226,0.14674859617632,0.8622852413537567,1
0.0949035427795658,0.0287144942669798,0.9860441979301872,0.2224507129965076,2
0.6126614502121085,0.3660908292048578,0.0898483364953836,0.8400804229785248,2
0.7810209440533147,0.8639171072481597,0.6061770120092654,0.8965972834955078,1
0.5228382757027135,0.5856614514273895,0.1943284440463426,0.219575120504929,1
0.2951867150015977,0.4410152862739165,0.3159698324086609,0.3856401043137817,2
0.5201585777570721,0.6665435005778779,0.4767737833810855,0.8743677793335832,2
0.894314192300544,0.3408642263208197,0.2195292606858805,0.68669787126565,3
0.1279017893235203,0.0567681660991068,0.968030589274234,0.5081531155213596,2
0.0735952885034776,0.968971112931866,0.3541626588849749,0.2352640082430396,1
0.6716975970342196,0.8873732688192372,0.8690907021446151,0.9172774667227012,1
0.1387614652225433,0.511458663036253,0.4154265196926924,0.6438302586863232,1
0.9549071903793898,0.6930861325627771,0.8284836180899088,0.2111958565250937,3
0.1809128492453043,0.4343974474452927,0.2147961668536043,0.5221148267784804,1
0.489256804524373,0.8650121526392526,0.0490137826083822,0.7239572896589338,1
0.5911487180736871,0.8834877311236013,0.5334735133707695,0.081413630603894,3
0.8968396561827959,0.9257199010490794,0.7950724184634176,0.8965371055245839,3
0.391405027597876,0.007982332346979,0.7794333129014154,0.9631615182736954,2
0.1131949598275946,0.7094884176335742,0.4198701060309151,0.8411228365675942,3
0.3394576740629014,0.6499289589504318,0.503752723884863,0.6338199582806099,1
0.4445820868034841,0.8532116006847394,0.9715062490906282,0.0503965149923048,1
0.4504052899078116,0.997763569554082,0.8071321806163533,0.6297354576194166,2
0.0507327478378643,0.3264722260420396,0.2923783362438378,0.8727520880045272,1
0.0656811998801242,0.3210141211105221,0.869878517443585,0.2331134522224196,2
0.3158477340157815,0.8192545463784965,0.3647467770440603,0.9224847055908012,3
0.7149199225235442,0.2721124807494253,0.7916152856300583,0.5947238134002033,3
0.1584874068728456,0.9411256834638124,0.8689341180609513,0.5240451198051301,3
0.4471718459178782,0.0637351904519597,0.6401304979960234,0.2103972514141745,1
0.2432245614365802,0.5596619520829731,0.4640873645654866,0.2086329902314052,2
0.2704277985367473,0.0842859580863011,0.3141538925808012,0.4030383695660017,2
0.2341179179567037,0.5537348875826957,0.6699450501423976,0.0618618530554352,2
0.0595494748909304,0.2471771681599004,0.1761526907214288,0.82815621063743,1
0.3999049682806918,0.2774982183476062,0.1160025458931912,0.9227118585763148,1
0.8791278877800731,0.0274594897796002,0.3016454144182434,0.3129055598370538,2
0.1876985763504048,0.6125851726006485,0.9974157624212068,0.7396317825023312,2
0.3059783709798593,0.0691799673379012,0.0882314875770632,0.1027491526247904,3
0.9202604619582296,0.8609554359608399,0.1961061850377486,0.9240492879521596,3
0.6969716775732303,0.015234850109462,0.7338709853816673,0.1754942985107391,1
0.9366752533262128,0.553419956606361,0.6870520958550596,0.5476488636466251,1
0.2881231679860068,0.6774370280971342,0.0397539901018189,0.554136680586147,1
0.0854351261098789,0.9512750397379586,0.9711407771678318,0.4552819408467136,1
0.8177703149494022,0.6191428814235085,0.0619635008241176,0.7627038471314259,3
0.7410489802404007,0.5855046976255261,0.1601230035723073,0.4350655869417308,1
0.0477049643806213,0.9763727027135743,0.4778612848558232,0.8840487585274954,1
0.7269554641654417,0.6410660623368748,0.0604351704125857,0.689026827591,2
0.9419086309118182,0.1632656843591774,0.1720798432002998,0.7181973799943997,1
0.8669609223489821,0.8718092746509103,0.5131242506233807,0.2446490820383898,3
0.8460979802794397,0.4170623286870281,0.1846266753355029,0.1953022753979565,1
0.4760478472208297,0.8799317897173541,0.0998221084676744,0.2215614946717304,2
0.6855639434245785,0.3278320677823385,0.4652063942151343,0.7072275883150326,3
0.7031796502235412,0.0098616895258529,0.779766246668224,0.318728001940155,2
0.6062295204241618,0.6854635035660901,0.2857037851509835,0.269221181620091,2
0.1714480858568781,0.101537109749432,0.4182687201672133,0.231480406701391,2
0.219756128254256,0.9116620692112704,0.4583140824407554,0.9679966331055064,1
0.7797228546528505,0.3986978833012347,0.7963823643320306,0.0280909597294176,1
0.8348824539185412,0.6059717601509265,0.6389880042900865,0.5892834159627649,1
0.7844887436538287,0.9081208321559112,0.5740815677030716,0.3304889934389956,2
0.8068352186980129,0.6496598012031696,0.4151226739713309,0.6530222628978999,2
0.0930460764342563,0.1779235466991785,0.8367668635557607,0.1990448126752454,2
0.6222304205777579,0.2030835428217628,0.9884336077551598,0.0843473708614228,3
0.4993265713560084,0.6574358199545615,0.7988692614247467,0.529457532150398,2
0.4525870620807959,0.6265988528877212,0.8517079775104648,0.1663451864675627,2
0.1475966958053814,0.3543261271793176,0.9727195528830068,0.1112074400263432,1
0.1001305404250225,0.963488405063684,0.7345761430967451,0.5413722264149282,2
0.2151249213356646,0.1018121267365179,0.7657785872367222,0.1459099543652269,2
0.9766869558931908,0.3147603167998773,0.6189700449911962,0.2507619708577081,2
0.0016122265274883,0.7676322399471399,0.3316985762483392,0.9390434771791728,1
0.2049609249675082,0.6993310606485407,0.227381047326073,0.5236058575410937,1
0.5430334007915606,0.0974048502451639,0.786242244067687,0.8736590781169359,2
0.8649402765699241,0.7905240307902622,0.77841287014839,0.4587183381628262,2
0.4103708981196242,0.7663086998792985,0.2494575553000506,0.4210062772861697,3
0.5009506718077817,0.0509684929885024,0.4548454340864091,0.2266132106871204,3
0.7188922847258746,0.5079833554270907,0.2194141201540268,0.3647740581951834,3
0.7730384640649253,0.9182534064045298,0.7415196813040441,0.5050935221708807,3
0.2197278342763697,0.6428236996410741,0.2992507924260695,0.3368329142283238,1
0.9221783620017184,0.6174474097425742,0.8971201853476548,0.4958815278788417,2
0.6191050409594577,0.4614519909564104,0.1230525665721207,0.228501744368389,3
0.3024840601075276,0.6530167701592181,0.3751745650149475,0.7786694135598174,2
0.5293310431144275,0.9294122589609818,0.9228381867303628,0.7562742847472345,2
0.3954285458372579,0.1335130536417448,0.2710004088670938,0.5383757889006373,2
0.3061843042034099,0.7829720867205637,0.3778064245447119,0.1003303329268721,1
0.892543537521133,0.2923120217849367,0.774845932855838,0.5722240906313801,3
0.4615333843868061,0.7970434734736257,0.8388026813657451,0.5047626647339377,1
0.5627204000550209,0.2967330966436634,0.5372433363166815,0.4975008192106678,2
0.943923363987234,0.1848712850892701,0.0140446630613244,0.7214524689542786,3
0.7727031833016146,0.5261093012123849,0.5421360108287224,0.3145326745053495,1
0.6379603629582462,0.8429869047315346,0.451197800899363,0.766627778746969,1
0.8828340240588384,0.3045828281361532,0.7385250441259773,0.5071133174267995,2
0.4884102851357154,0.7211547308875251,0.0167038767359838,0.511639875973756,3
0.9590415328330972,0.6370467593085154,0.8759637745335895,0.2030206860095332,2
0.6766389935891238,0.1834530565619653,0.6108098347984711,0.6120559136730941,3
0.1777557331591173,0.7513533182698513,0.879680302995391,0.958630569786568,2
0.7470242399232073,0.8446827439887807,0.7012995777996105,0.4928523719383896,3
0.0234092355724122,0.3003952555662624,0.8106169526372141,0.1585380840626794,3
0.1724855415308848,0.65380228364838,0.8694749332986972,0.4048855038364567,2
0.2713476010191014,0.2164594128526031,0.9185830596580882,0.020068460328746,2
0.2161706329452437,0.0162127863998338,0.6751986709255748,0.911638557045977,2
0.8846179022708293,0.4449638011198777,0.5378670085580995,0.8263949071917257,2
0.0523184520979121,0.0066721637814147,0.861859839428774,0.822067228983461,2
0.7035051456694161,0.6700758297704218,0.299965363431374,0.088231290608616,2
0.775995566513048,0.9220212743157378,0.1794411593346894,0.2280690729159883,1
0.1480284396453061,0.6734026951663895,0.3860099637538381,0.7835343114165018,1
0.6186410232294673,0.6450163775658416,0.3652147857689891,0.9380487483338076,1
0.1002918022299821,0.7746121274189407,0.5683785952526981,0.1925737536109195,3
0.6170545462043858,0.7961251648423888,0.5038482014696407,0.1146988131320537,1
0.5297196869063544,0.083076417960222,0.2231990992288244,0.4024982667962915,3
0.6780552868527725,0.882936725368395,0.366311686240109,0.929362518785118,3
0.0045765621124221,0.4168172501639902,0.5367043292588753,0.8462862483533117,3
0.566931467660428,0.3550010782817071,0.364536759271776,0.487114953652166,3
0.1294785700379163,0.1988358125401408,0.9774597788172056,0.0737011348995554,3
0.7339890598781739,0.2981262618778709,0.0224939079611197,0.6587351796269502,3
0.5749206823346636,0.4439506132167228,0.5593445589865762,0.9229248659175744,3
0.4053138767662971,0.9386647554325304,0.9670483862524488,0.8172704567681299,3
0.3885737861157006,0.7421643921878072,0.5893522517038773,0.5071318506191681,3
0.6861987156604622,0.1376486147369253,0.3157822442903665,0.043612101040271,2
0.9694266142034418,0.0642093094192172,0.6201258161929345,0.0814664630361274,3
0.9166313877477696,0.8608595871622908,0.935956091065136,0.04592975945883,1
0.5828891661188355,0.4494248600358723,0.1283775897089976,0.2349176863842426,2
0.9079842691520136,0.8255224133818643,0.4243232275453409,0.491430574168706,3
0.1688461650447055,0.8342229943125414,0.8808741664678993,0.954104413454566,2
0.2158839635385739,0.7194959192337262,0.7653385274234983,0.5888343808482173,3
0.7937273300851884,0.5480744038884267,0.1410165181311009,0.4358604198768564,1
0.2000069502347172,0.2407522242926372,0.3714712792239895,0.8613964051579316,3
0.9902525211382592,0.9319969954159344,0.2045639954634157,0.8338373391854408,3
0.9924204001809036,0.3889087010202336,0.1338695327830849,0.1285715960484861,1
0.8973884898861794,0.0367023935961691,0.4708690451458959,0.8162825848015951,3
0.5172055386006371,0.379516130047044,0.483560737750606,0.77933412948314,1
0.0045755638807138,0.5328735904353754,0.8637907618390505,0.2790592656196964,1
0.4932165191449662,0.057450228125815,0.3997241451569023,0.0307104078996904,3
0.188959558590672,0.9609441247670456,0.0171718910378357,0.3822051133295217,3
0.9054097238957372,0.9003877477362486,0.6001256221188914,0.894886301413368,3
0.2285076215244066,0.7709914786174572,0.4168190433572468,0.5999002605940275,3
0.9042983604474047,0.7322675870135869,0.776991867732354,0.9093442350715863,1
0.1049866769342134,0.0964170567140527,0.4217921719184596,0.3436309269908596,3
0.1700058158318134,0.6666618800190603,0.4663808818408275,0.5978183860334619,2
0.8114402439697617,0.3002323039474106,0.7746759384509214,0.4306753760492925,1
0.8251786809061915,0.3574287678964072,0.7336630093308771,0.8519890749671637,3
0.1774227112883883,0.9199797854915784,0.3772426360676846,0.7365513428593521,2
0.186324528927344,0.4095471462150631,0.168770726270018,0.5209581098275042,1
0.7388690691139579,0.6823009193792423,0.1367074411873372,0.3230779248632927,3
0.2466212057348934,0.4464678627219286,0.165825544591659,0.4653798376434588,1
0.241895979358769,0.878613780887649,0.3906910984574101,0.2350906730180063,3
0.6807554366738837,0.3405966332590191,0.6527096012645685,0.8831197805758199,3
0.5614235506740793,0.2174876029767688,0.3302357018454479,0.8679955122345625,2
0.4619133907985793,0.3477083302467355,0.4268303092713623,0.200726575447101,1
0.5414402791268103,0.0380435236466933,0.6437200874737876,0.3660735960233429,3
0.2471409246478972,0.8232827403173162,0.0336782937944835,0.5451096015417344,3
0.0748827938720598,0.9229617655886349,0.3196782042713961,0.8365406913963538,1
0.0256682300132365,0.9270983416753216,0.5642314651844224,0.5210656156086374,2
0.8193905057396274,0.4389110678239069,0.9581921749648908,0.66894932824172,3
0.3948234372724277,0.1587437812882394,0.0430458512047594,0.4579105373883785,2
0.088665636030501,0.7263650047932521,0.4985967655174769,0.3422279345233144,2
0.0279659659267,0.9905243472349272,0.8680413503797568,0.397422277661175,1
0.3524218834484149,0.9286126149973258,0.0232682628075899,0.1566844634759842,1
0.7310067053655469,0.9033237139452248,0.5694257289272904,0.5710533211564363,3
0.0857366729090614,0.8680841121173798,0.1533936445678889,0.3793927859403215,3
0.0202713561882162,0.832552128209155,0.5416616070287075,0.1786342946426711,3
0.6307700421268967,0.6906647090644622,0.9005499861942547,0.7347697057988442,2
0.0547631174842991,0.5338050812214833,0.4029044982473859,0.4458254140556714,1
0.0659035358944194,0.8775957382539769,0.8362997971503833,0.1696596327685487,1
0.05108970211257,0.75184221288272,0.0373126810425401,0.1175678787282625,1
0.8896612533260647,0.217072305396466,0.4387726070055358,0.2447861111874111,3
0.3044215400958872,0.8228876469267389,0.0331844967613005,0.806739257515596,3
0.8693970278526535,0.0875893736377774,0.4575507270406537,0.6007013030971962,1
0.3829848381192789,0.0946195432634184,0.3934756457440026,0.3450946374484398,1
0.152484966880563,0.6382978555584373,0.0702529345519124,0.268436901699063,3
0.2592666240462169,0.1854135414844038,0.4582505047300754,0.3320531128324672,2
0.8433154335560037,0.9688044835329858,0.1300030315769325,0.5214482710174233,3
0.5503056682783136,0.1930687809700892,0.6137069382589246,0.2582434824274394,2
0.777780640050615,0.5650534875336106,0.1307793187416105,0.4349736778901771,1
0.2178820739748912,0.1488491966139026,0.2249613910060894,0.9555058474103172,2
0.1983709986547007,0.8176440732383793,0.4326518424388449,0.4381584226802761,2
0.5113467692447744,0.2192918389727542,0.4774496544530114,0.7023354088084236,1
0.8716176139293306,0.0370186825505223,0.358313639133397,0.2611746667747153,3
0.7477413216854136,0.6334618331657906,0.6626816755037754,0.6474730665424442,2
0.4503842100927318,0.5267584940577674,0.4425571174853054,0.3153277776701628,1
0.4484115318602006,0.6351661888547927,0.8690503725737843,0.2123340947837401,1
0.392941395533345,0.8341469668433653,0.7692191132136317,0.3209632003161867,3
0.3482984524225552,0.1720579003756416,0.402540659548077,0.9578977548510024,3
0.6071771426963747,0.6289992205312056,0.6354623965123606,0.6827337217947659,3
0.5961146962777327,0.6646302384230461,0.1445925689809971,0.3839313627345152,3
0.2096033977922585,0.8760094787915288,0.7859281169934608,0.1096352824707171,2
0.6925704507745338,0.9490034350098376,0.6346790218270834,0.8629950947401834,1
0.914423299140065,0.5354409416573109,0.8309904007193905,0.5002912362849703,2
0.8173626027027259,0.011746930758547,0.453133132886543,0.5666999716692943,1
0.8543908720581461,0.3438919587802695,0.5693616324957863,0.6150632238485496,2
0.3135743161748145,0.959273865905196,0.1337126862456612,0.6658528840535065,3
0.9148001774463282,0.2200271290924109,0.3594115464251969,0.4491461020752257,3
0.6897075350698694,0.0866007179787482,0.2689899223426116,0.944776925381306,3
0.4359885078999044,0.824791044591752,0.5842686700411408,0.3069290579572489,1
0.6759331255623519,0.4539207680853369,0.8233332796499703,0.5633736660389682,3
0.8865960310995689,0.4533414902660417,0.1547226256845741,0.2644837714320613,1
0.9897241526191334,0.9890541826247078,0.3350660428620134,0.2943793537565851,2
0.4352782436541594,0.4126817426539049,0.7285798355658812,0.4236738809554613,2
0.1168154915975335,0.9577319351591252,0.9519402790974578,0.0899651665324927,3
0.492267148313559,0.917812112142071,0.9201072985166624,0.8121776527044755,3
0.1571821200351912,0.0545178712257556,0.7293714102706101,0.0844320802847266,2
0.1194708285461166,0.921208359837588,0.594228823726488,0.2633652267775304,3
0.4340402174183191,0.1316438494159482,0.1096645609402643,0.2427369867344757,3
0.6445515108408952,0.5303984422291556,0.0565530085243844,0.9248542850437916,2
0.9956828234599778,0.3036293229694137,0.0267684397563797,0.8365655347199388,3
0.2420591652137911,0.3675702387426822,0.6483205623257049,0.1294354972083082,2
0.896684704480528,0.010401289770292,0.4936710368295053,0.1507768853224808,1
0.5170519692508163,0.0008601539540683,0.2646902671560972,0.4151587231980732,2
0.7288815549797225,0.6138108961825517,0.754247574541228,0.2564037377679509,1
0.0346162348105517,0.7803003487158664,0.8206054702716866,0.9540889484632686,1
0.94522193799406,0.3244325691834292,0.1226418721481117,0.8944417699324873,3
0.4429521836735891,0.1749936761758769,0.2522872299308254,0.9320065826666908,1
0.729862939030534,0.0321688251640752,0.4536550308341808,0.0427049087515929,1
0.4140755378233243,0.969753114321238,0.2494893213303444,0.8490908848534797,3
0.1103934015907773,0.6113999554710621,0.2614345467554028,0.1573847547539646,1
0.4683874398247294,0.3183589101068915,0.6484085156879206,0.29798549165307,1
0.9165954131156172,0.1849108176163117,0.9665600695927484,0.9849562167811888,3
0.2753573693735607,0.8848993001475037,0.9800003227959422,0.9456485597171173,3
0.9912320673222752,0.2120982388216898,0.6879146810805491,0.2810881598384362,2
0.0545322962872071,0.4904033813450602,0.3705779808516738,0.8918076918112572,2
0.1235369615228754,0.7959716403467197,0.6137902014337713,0.857092546126531,3
0.6678054913505324,0.2926282016657404,0.667075968464842,0.0632937936565023,3
0.8886563295773536,0.0399956543118242,0.2989021745912716,0.5286171309708949,1
0.9111864979554908,0.6183467786421194,0.2428901236618985,0.5149435782291024,3
0.2323626973837214,0.3999945149383447,0.1125788535941688,0.9157161880544789,1
0.7357724499068411,0.6278156823056749,0.1378667587976816,0.0321802312386511,2
0.00206698056243,0.1282084476113808,0.9939190657832868,0.3243147847979651,3
0.9346569843260688,0.0779877239975733,0.0177984724543863,0.9320413097087618,2
0.7969119220081702,0.5117768150071694,0.9186387770677676,0.9152406402292984,3
0.330750021843558,0.5806035919418587,0.7304592635461391,0.5349686068503304,3
0.9296208077379294,0.2780347428838829,0.9337082569667572,0.3371402670350717,3
0.5189896353152091,0.6842498887029467,0.1407724277849505,0.9648067287750648,2
0.4721901309067225,0.690148403198126,0.7726888013681456,0.2691308855839315,2
0.5162860244725269,0.8459182472110436,0.7445141262073954,0.659527585549764,1
0.8638020392415154,0.2060861062941786,0.6807526121102683,0.0190914559061869,2
0.9649472499417115,0.4435887806233044,0.7542884094484593,0.9774432763878974,2
0.0623119442497961,0.704702286307431,0.6959185948516197,0.9109805707816384,1
0.4704850887219793,0.18265073503286,0.0920481362710601,0.9873650864185324,2
0.0494836934679396,0.6917323062441978,0.1460096068152637,0.4847144238332254,1
0.6955484162841754,0.4329325830955882,0.5465725506791266,0.3644985128522802,1
0.4207884362440244,0.8977054936160584,0.3706897010537548,0.8240514514599624,3
0.9727453375076012,0.7696221246110675,0.56846174024871,0.8806950749851489,3
0.3064168732175965,0.506911539544823,0.3970087843752922,0.6993611080566422,3
0.535310420485755,0.5571854219293049,0.3513877839676352,0.3244839923085787,3
0.8088319233039519,0.5561960728579313,0.2556100584123169,0.3507190774205075,2
0.4954992252552535,0.3326738552985028,0.9031777006206002,0.4727427651398884,1
0.9642297231262438,0.826093292020144,0.5098263946034269,0.8196123980724946,1
0.2107676961609174,0.6771498790804857,0.5319842349242822,0.6734814985103798,1
0.5947679958417192,0.7791020178653775,0.3835607595871121,0.6855334176664587,2
0.1042244626841557,0.9309488506700384,0.2860768755106153,0.6192219043692886,1
0.9661288567167944,0.8958614213516929,0.7598485267481166,0.8440093775768034,3
0.0313503976873478,0.2364484866900477,0.1073430593679719,0.1751058724287164,1
0.0879002634829733,0.9285372295710088,0.3863989857452411,0.1949903200660031,2
0.4664220104473625,0.8500122993288696,0.9957448252888584,0.017683328717037,1
0.5089653900280413,0.6216437730768274,0.5417395044171844,0.7767552422009187,3
0.8463456182201549,0.5035149012881127,0.0659859917748888,0.3745056627104015,3
0.7701685268481158,0.7196426404339028,0.3180908624653459,0.6861451928340837,3
0.4312588074519683,0.7840955509687543,0.0691016042669674,0.8375311412136811,3
0.8461466105825675,0.4650631794101721,0.8189759804412077,0.9912808443064304,2
0.1289092314849026,0.6659002733809669,0.3802300394694875,0.7347937669717821,1
0.3439128774376828,0.4127263325948426,0.0757909160566846,0.2037464523300269,1
0.7504328456811309,0.0564061088541778,0.137301826584929,0.5703569578020435,3
0.8763442949636963,0.5716018249546079,0.3391241597294032,0.802163153440541,1
0.7681945253822059,0.9555443631355696,0.4033580517850557,0.1508198352456827,3
0.1685169609256673,0.1559326771591689,0.3083366066589178,0.4920763544642829,3
0.7103230723296742,0.3310934995468483,0.3812433210770568,0.1215861098776315,3
0.6597796144090765,0.760074795180558,0.6659241986541616,0.7417598349304961,3
0.947529671312826,0.1817281039273236,0.9078476957067316,0.5709679605311259,1
0.9063881522333834,0.9403537894573484,0.4307119146025039,0.732424498303585,2
0.7103687041115785,0.1749624372121071,0.0041986505531359,0.9238260181201892,1
0.8467242355180954,0.6557792547657452,0.075562681106673,0.5810479570037362,3
0.5689242670547577,0.0075435388073055,0.7780381266338493,0.3920495265067708,2
0.79623517865534,0.328317647661093,0.4748454869552577,0.9985322786531184,1
0.5628623829346824,0.8943537423906,0.0591884122143467,0.4359350917594379,3
0.5110350724807899,0.8835772262996856,0.9787180097036108,0.3975803563080297,3
0.7154259421968193,0.4412727052493236,0.1133360262051701,0.9874901244184688,3
0.4031568679968892,0.8605865990693867,0.9871527101111236,0.2600290582435925,3
0.6998737298084821,0.0148306549742316,0.7245344948342809,0.6710726036025177,3
0.8736311381610908,0.0851483474786657,0.0781301243786646,0.3710239638795034,3
0.1314905605972358,0.3146431801458937,0.2297378209902472,0.6767505877249984,1
0.991964112853298,0.6356649799681291,0.5032983617489852,0.5206187349547536,2
0.6058702001240576,0.1429371649200095,0.9354060759412384,0.7131803682818018,2
0.7540696575034741,0.5303457904876285,0.0113104214947055,0.6315961986353061,1
0.3843323269389751,0.0357483730840986,0.1585969198809529,0.8996009783471055,2
0.8271612251333416,0.5722095192331349,0.4341506157175464,0.8765511662521936,3
0.3291119067831787,0.3258611704638684,0.9770518421975116,0.2819895940537257,1
0.2262138896109121,0.4137211955558104,0.6418330014725465,0.0727615299805254,2
0.9706066550402794,0.1564238125472294,0.4518933854610167,0.5585710212707488,1
0.1887885209288188,0.0702497082847635,0.1650826450115762,0.6416722969158174,3
0.493251352744556,0.6829447806858274,0.4766788344585781,0.2660911745385961,1
0.3529643996979835,0.0544495766709152,0.6656995885552504,0.4509011696839563,2
0.2745161220602656,0.205258376476917,0.9580806649504612,0.6813286959486451,1
0.8855601449312488,0.5032946774679131,0.3935086208367414,0.359804249839633,1
