id,highedu,race,time,divorce
7558,0,0,1,1
7563,0,0,1,1
7584,0,0,1,0
7624,0,0,1,0
7645,0,0,1,1
7692,0,0,1,1
7776,0,0,1,0
7779,0,0,1,0
7818,0,0,1,0
7853,0,0,1,0
7905,0,0,1,1
7928,0,0,1,0
7998,1,0,1,0
8128,0,0,1,0
8231,0,0,1,0
8244,0,0,1,1
8265,1,0,1,0
8364,0,0,1,0
8419,1,0,1,0
8433,0,1,1,1
8486,0,0,1,1
8555,0,0,1,0
8673,0,1,1,0
8786,0,0,1,1
8789,0,0,1,0
8969,0,0,1,1
9057,0,0,1,0
9308,0,0,1,1
9336,0,1,1,0
9458,0,0,1,0
9536,0,1,1,1
9857,0,1,1,0
9874,0,1,1,0
10128,0,1,1,0
10197,0,0,1,0
10217,0,0,1,0
10325,0,1,1,0
10349,0,0,1,1
10528,0,0,1,0
10555,0,0,1,0
10650,0,0,1,0
10718,0,0,1,1
10773,0,0,1,1
10786,0,0,1,1
10803,0,0,1,0
10839,0,0,1,1
10914,0,1,1,0
10953,0,0,1,0
11268,0,0,1,0
11315,0,0,1,1
11516,0,1,1,1
11562,0,0,1,1
11571,0,0,1,0
11683,0,0,1,1
11775,0,0,1,0
11791,0,0,1,0
11814,0,0,1,0
11930,0,1,1,0
11973,0,1,1,0
12040,0,0,1,0
12080,0,0,1,0
12283,0,1,1,0
12301,0,0,1,0
12302,0,1,1,0
12306,0,1,1,1
12509,0,1,1,0
12577,0,0,1,1
12618,0,0,1,0
12624,0,0,1,1
12627,0,0,1,1
12639,0,0,1,1
12643,0,1,1,1
12900,0,0,1,1
13006,0,0,1,0
13082,0,1,1,1
13164,0,0,1,0
13167,0,0,1,0
13264,0,1,1,1
13356,0,1,1,1
13373,0,1,1,1
13591,1,1,1,1
13944,0,1,1,1
13964,0,1,1,1
14002,0,1,1,0
14006,1,0,1,0
14042,0,1,1,0
14122,0,0,1,1
14126,0,0,1,1
14320,0,1,1,1
14392,0,1,1,1
14734,0,0,1,0
14822,0,1,1,0
14839,0,0,1,1
15011,0,0,1,1
15061,0,1,1,0
15095,0,0,1,0
15158,0,0,1,1
15185,0,1,1,1
15257,0,1,1,0
15364,0,0,1,0
15490,0,0,1,0
15523,0,0,1,1
15899,0,1,1,0
15937,0,0,1,1
15994,0,1,1,0
16087,1,1,1,0
16228,0,1,1,0
16232,0,1,1,0
16262,0,1,1,1
16636,0,1,1,0
16788,0,1,1,0
16865,0,1,1,0
16880,0,1,1,0
16908,0,1,1,0
16914,0,1,1,0
17045,1,1,1,0
17162,0,1,1,0
17163,0,1,1,0
17190,0,1,1,1
17271,0,1,1,0
13,0,0,2,1
145,0,0,2,0
264,0,0,2,1
346,0,0,2,1
431,0,0,2,1
437,0,0,2,1
763,0,0,2,0
774,0,0,2,0
807,0,0,2,1
829,0,0,2,0
1098,0,0,2,1
1273,0,0,2,1
1632,1,0,2,0
1724,0,0,2,1
1745,0,0,2,0
1805,0,0,2,1
2428,0,0,2,1
2739,0,0,2,0
2787,0,0,2,1
3018,0,0,2,0
3026,0,0,2,1
3052,0,0,2,0
3136,0,0,2,0
3254,0,0,2,0
3437,0,0,2,0
3508,0,0,2,0
3655,0,0,2,0
3658,0,0,2,0
3694,0,0,2,0
3784,0,0,2,1
4136,0,0,2,1
4451,1,0,2,0
4541,0,0,2,0
4711,1,0,2,1
5071,0,0,2,0
5123,0,0,2,1
5517,0,0,2,1
5519,0,0,2,0
5600,0,0,2,0
5723,0,0,2,1
5780,0,0,2,1
5890,0,0,2,0
5940,0,1,2,0
5943,0,1,2,1
6014,0,1,2,0
6295,0,0,2,0
6345,0,1,2,1
6795,0,0,2,0
6816,0,0,2,1
6832,0,0,2,0
6975,0,0,2,1
7121,0,0,2,1
7384,1,0,2,0
7482,0,0,2,0
7911,0,0,2,0
7912,0,0,2,0
8114,0,0,2,1
8245,1,0,2,1
8340,0,0,2,0
8372,0,0,2,1
8396,1,0,2,0
8585,0,1,2,1
8598,0,1,2,0
8613,0,1,2,0
8629,0,1,2,0
8758,0,0,2,1
8885,1,0,2,1
9133,0,1,2,0
9171,0,0,2,1
9266,0,0,2,1
9542,0,0,2,1
9554,0,1,2,1
9590,0,0,2,1
9601,0,1,2,1
9790,0,1,2,0
9801,0,0,2,0
9824,0,1,2,0
9842,0,1,2,0
9885,0,0,2,0
10059,0,1,2,1
10334,0,1,2,0
10468,0,1,2,1
10521,1,1,2,1
10536,0,1,2,0
10565,0,1,2,0
10620,0,0,2,1
10687,0,1,2,1
10691,0,0,2,1
10813,0,1,2,1
11092,0,0,2,0
11244,0,1,2,1
11261,0,0,2,0
11559,0,0,2,1
11651,0,1,2,1
11686,0,0,2,1
11749,0,0,2,1
11843,0,0,2,0
11849,0,1,2,1
11859,0,0,2,1
11965,0,0,2,0
12164,1,1,2,0
12184,0,1,2,1
12364,0,1,2,1
12370,1,0,2,0
12683,0,0,2,1
12831,1,0,2,1
13021,0,0,2,0
13156,0,0,2,0
13162,0,0,2,0
13304,0,0,2,0
13401,0,0,2,0
13403,0,1,2,0
13437,0,1,2,0
13498,0,1,2,0
13646,0,0,2,1
13864,0,1,2,0
14263,0,0,2,1
14318,0,0,2,0
14455,0,0,2,0
14501,0,0,2,0
14507,0,0,2,0
14592,0,0,2,1
14707,0,0,2,0
14830,0,1,2,0
14833,0,1,2,0
14901,0,0,2,1
14922,0,1,2,1
15090,0,1,2,0
15113,0,1,2,0
15355,1,0,2,0
15482,0,0,2,0
15733,0,0,2,1
15827,0,1,2,0
15946,0,1,2,0
16140,0,0,2,1
16152,0,1,2,1
16428,0,1,2,1
16608,0,0,2,0
16741,0,1,2,1
16851,1,1,2,0
17090,0,0,2,1
17211,0,0,2,0
56,0,1,3,0
128,0,0,3,1
226,0,0,3,0
228,0,0,3,0
258,0,0,3,1
418,0,0,3,1
513,0,0,3,0
520,0,0,3,0
794,0,0,3,1
1053,0,0,3,0
1131,0,0,3,1
1137,0,0,3,0
1143,0,0,3,0
1329,0,0,3,0
1506,1,0,3,0
1883,1,0,3,0
2049,0,0,3,0
2136,0,0,3,1
2198,0,0,3,0
2260,0,0,3,0
2271,0,0,3,0
2398,1,0,3,1
2455,1,0,3,0
2462,0,0,3,1
2624,1,0,3,1
2762,0,0,3,0
2785,0,0,3,1
2795,0,0,3,0
2966,1,0,3,0
3085,0,0,3,0
3227,0,0,3,0
3305,0,0,3,0
3495,0,0,3,1
3556,1,0,3,1
3616,0,0,3,1
3621,0,0,3,0
4012,0,0,3,0
4323,1,0,3,1
4368,0,0,3,0
4735,0,0,3,0
4897,0,1,3,1
4934,0,1,3,0
5015,0,0,3,0
5221,0,0,3,1
5242,0,1,3,1
5262,0,0,3,1
5454,1,0,3,0
5497,0,0,3,0
5574,0,0,3,0
5704,0,0,3,1
5743,1,0,3,0
5896,0,0,3,1
5969,0,0,3,1
6084,0,0,3,1
6086,0,0,3,1
6186,0,0,3,0
6341,0,0,3,1
6417,0,0,3,1
6434,0,0,3,1
6507,0,0,3,1
6579,0,0,3,0
6589,0,0,3,0
6644,0,0,3,0
6734,0,0,3,0
6862,0,0,3,1
6873,0,0,3,0
6878,0,0,3,0
6907,0,0,3,1
6979,0,0,3,1
7001,0,0,3,1
7179,0,0,3,1
7217,0,0,3,0
7646,0,0,3,1
7684,0,0,3,1
7732,0,0,3,1
7803,0,1,3,1
7839,0,0,3,0
8283,0,1,3,0
8335,0,0,3,0
8427,0,0,3,1
8520,0,0,3,1
8569,0,1,3,1
8576,0,1,3,0
8813,0,1,3,1
8822,1,1,3,0
9163,0,1,3,1
9232,0,1,3,1
9284,1,0,3,1
9325,0,0,3,0
9483,0,0,3,1
9518,1,1,3,1
9670,0,0,3,1
9733,0,1,3,0
9752,0,1,3,0
10094,0,1,3,0
10134,0,1,3,0
10270,0,0,3,0
11127,0,1,3,0
11146,0,1,3,0
11376,0,0,3,0
11576,0,1,3,0
11782,0,0,3,1
12008,0,1,3,0
12277,0,1,3,1
12381,0,0,3,1
12505,0,1,3,0
12640,0,1,3,0
12748,0,1,3,0
12814,0,0,3,0
12997,0,0,3,1
13126,0,1,3,0
13211,0,0,3,1
13221,0,0,3,1
13425,0,0,3,1
13571,0,1,3,0
13724,0,0,3,1
14257,0,0,3,1
14323,0,1,3,0
14562,0,1,3,0
14636,0,1,3,0
14938,1,1,3,0
15079,0,0,3,1
15101,0,1,3,0
15645,0,1,3,0
15704,0,1,3,1
15771,0,0,3,0
15781,0,1,3,0
15967,0,0,3,0
16246,0,0,3,0
16287,0,1,3,1
16291,0,1,3,1
16667,0,1,3,1
16724,0,0,3,1
16900,0,1,3,1
17018,0,0,3,0
17024,0,0,3,1
77,1,0,4,0
165,0,0,4,1
183,0,0,4,1
333,0,0,4,1
445,0,0,4,1
528,0,0,4,0
716,1,0,4,1
769,0,0,4,1
771,0,0,4,1
780,0,0,4,1
872,0,0,4,1
1069,0,0,4,0
1155,1,0,4,0
1188,0,0,4,1
1555,0,0,4,1
1634,0,0,4,1
1657,0,0,4,1
1717,0,0,4,1
1795,0,0,4,1
1921,0,0,4,0
1964,0,0,4,1
2401,1,0,4,1
2556,0,0,4,0
2563,1,0,4,0
2610,0,1,4,0
2964,1,0,4,0
3112,0,0,4,0
3792,0,0,4,1
3834,0,0,4,1
3844,0,0,4,1
3994,0,0,4,1
4152,1,0,4,1
4353,0,0,4,0
4401,0,0,4,0
4404,0,0,4,0
4553,0,0,4,1
4699,0,0,4,0
4779,0,0,4,0
4792,1,0,4,1
4819,0,0,4,1
4837,0,0,4,1
4905,0,1,4,1
5008,0,0,4,1
5062,0,0,4,1
5189,1,0,4,0
5305,0,0,4,1
5551,0,0,4,0
5571,0,0,4,1
5784,0,0,4,1
5842,0,0,4,0
5893,0,0,4,0
5978,0,0,4,0
6238,0,0,4,0
6240,1,0,4,0
6460,0,0,4,1
6470,1,0,4,0
6743,0,0,4,1
6746,0,0,4,1
6852,0,0,4,1
6926,0,0,4,1
7137,0,1,4,0
7233,1,0,4,1
7370,1,0,4,0
7402,0,0,4,0
7526,0,0,4,0
8019,0,0,4,1
8083,0,0,4,0
8138,0,0,4,1
8266,0,0,4,1
8690,0,1,4,1
8730,0,1,4,0
8741,0,1,4,0
8780,0,0,4,1
8908,1,0,4,1
9065,0,0,4,0
9131,0,1,4,1
9146,0,1,4,0
9959,0,1,4,1
10045,0,0,4,1
10054,1,0,4,0
10117,0,0,4,1
10308,0,0,4,0
10361,0,0,4,1
10366,0,0,4,0
10400,0,0,4,0
10442,1,1,4,0
10463,0,1,4,1
10589,0,0,4,1
10862,0,1,4,0
11066,0,1,4,0
11227,0,1,4,0
11275,0,1,4,1
11407,0,1,4,1
11483,0,1,4,0
11493,0,0,4,1
11586,0,1,4,0
11996,0,0,4,1
12025,0,1,4,1
12101,0,0,4,1
12168,0,1,4,1
12538,0,1,4,0
12560,0,0,4,0
12567,0,0,4,0
12575,0,0,4,0
12585,0,1,4,0
12761,0,0,4,0
13010,1,0,4,0
13045,0,0,4,0
13158,0,0,4,0
13636,0,1,4,1
13754,0,1,4,0
14069,0,1,4,1
14087,0,1,4,0
14254,0,1,4,0
14394,0,1,4,1
14420,0,1,4,1
14490,0,0,4,0
14516,0,1,4,1
14570,0,0,4,1
14594,0,1,4,1
14711,0,1,4,1
14790,0,0,4,0
15018,0,1,4,0
15027,0,0,4,0
15495,0,0,4,0
15758,0,1,4,1
15964,0,0,4,0
16403,0,1,4,1
16406,0,1,4,1
16436,0,1,4,0
16472,0,1,4,0
16592,0,0,4,0
16598,0,1,4,0
16652,0,1,4,1
16780,0,1,4,1
17148,0,1,4,0
17226,0,1,4,1
17264,0,0,4,0
17290,0,1,4,0
66,0,0,5,1
129,0,0,5,1
160,0,0,5,0
162,0,0,5,0
377,0,0,5,1
475,0,0,5,1
530,0,0,5,0
713,0,0,5,1
887,1,0,5,0
1412,1,0,5,0
1486,0,0,5,1
1603,0,0,5,0
1661,1,0,5,0
1690,0,0,5,0
1704,0,0,5,1
1861,1,0,5,0
1969,0,0,5,1
2001,0,0,5,1
2139,0,0,5,1
2190,0,0,5,0
2192,0,0,5,1
2415,0,0,5,0
2508,1,0,5,0
2616,0,0,5,1
2676,0,0,5,1
2716,0,1,5,1
2727,0,0,5,0
2747,0,0,5,1
2827,0,0,5,1
2937,0,0,5,0
2938,0,0,5,0
3151,0,0,5,0
3482,0,0,5,0
3511,0,1,5,0
3597,0,0,5,1
3668,0,0,5,1
3877,0,1,5,0
3913,0,1,5,0
4119,0,0,5,0
4199,0,0,5,0
4207,0,0,5,1
4321,0,0,5,0
4545,0,0,5,1
4759,0,0,5,1
4766,1,0,5,1
4783,0,0,5,0
5127,0,0,5,1
5233,1,0,5,0
5245,1,0,5,1
5276,0,0,5,0
5319,0,0,5,1
5480,0,0,5,1
6089,0,0,5,0
6280,0,0,5,1
6323,0,0,5,1
6426,1,0,5,0
6509,0,0,5,1
6557,0,0,5,0
6673,0,0,5,0
6719,0,0,5,1
6807,0,0,5,1
7094,0,0,5,0
7161,0,0,5,0
7210,1,0,5,1
7289,0,0,5,1
7331,0,0,5,1
7497,0,0,5,0
7688,0,0,5,1
8278,0,0,5,1
8294,0,0,5,0
8307,1,0,5,0
8535,0,0,5,0
8815,0,1,5,1
8816,1,1,5,1
8851,0,0,5,0
9088,0,0,5,1
9096,0,0,5,1
9281,0,0,5,1
9299,0,0,5,0
9759,0,1,5,0
10026,0,1,5,0
10105,0,0,5,1
10113,0,0,5,1
10242,0,0,5,1
10347,0,0,5,0
10488,0,1,5,0
10496,1,0,5,1
10499,0,0,5,1
10762,0,1,5,1
10768,0,0,5,1
10958,0,0,5,0
10998,0,0,5,1
11386,0,0,5,1
11393,0,0,5,0
11428,0,1,5,1
11514,0,1,5,1
11794,0,1,5,0
11817,0,0,5,0
12224,0,0,5,1
12429,1,0,5,1
12457,0,0,5,0
12507,0,0,5,1
12823,0,0,5,1
13310,1,1,5,1
13360,1,1,5,1
13502,0,1,5,0
13655,0,1,5,1
13908,0,1,5,0
13977,0,0,5,0
14026,0,0,5,1
14234,0,1,5,0
14274,0,0,5,1
14280,0,1,5,0
14377,0,0,5,1
14381,0,1,5,0
14444,0,0,5,1
14670,0,0,5,0
15007,0,1,5,1
15107,0,1,5,1
15347,1,0,5,0
15376,0,0,5,0
15502,0,0,5,1
15620,0,1,5,0
15717,0,0,5,1
15721,0,0,5,0
16024,0,1,5,1
16062,0,0,5,1
16104,0,1,5,1
16296,0,0,5,1
16300,0,1,5,1
16314,0,0,5,0
16318,0,0,5,1
16349,0,1,5,0
16445,0,0,5,1
16735,0,1,5,1
405,1,0,6,0
470,0,0,6,0
561,0,0,6,1
718,0,0,6,1
942,0,0,6,1
1291,0,0,6,1
1367,0,0,6,1
1500,0,0,6,0
1624,0,0,6,0
1668,0,0,6,1
1887,0,0,6,0
1948,0,0,6,1
1955,0,0,6,1
1987,0,0,6,1
2211,0,0,6,1
2321,0,0,6,1
2389,0,0,6,0
2453,0,0,6,1
2604,0,1,6,0
2668,0,0,6,1
2702,1,0,6,0
2967,1,0,6,0
2999,0,0,6,0
3067,0,1,6,1
3084,0,0,6,0
3261,0,0,6,1
3441,0,0,6,1
3470,1,0,6,1
3517,0,0,6,0
3662,0,0,6,0
3850,0,0,6,1
3910,0,1,6,0
4107,0,0,6,0
4216,0,0,6,0
4219,0,0,6,0
4222,0,0,6,0
4274,0,1,6,0
4276,0,1,6,0
4360,0,0,6,1
4516,0,0,6,1
4518,0,0,6,1
4653,0,0,6,1
4691,0,0,6,0
5166,0,0,6,1
5168,0,0,6,0
5349,0,0,6,1
5387,0,0,6,0
5567,0,0,6,0
5596,0,0,6,1
5679,0,0,6,0
5732,0,0,6,1
5735,0,0,6,1
5741,0,0,6,1
5762,1,0,6,1
5931,0,0,6,0
6042,0,0,6,1
6197,1,0,6,0
6202,1,0,6,0
6400,0,0,6,0
6407,1,0,6,1
6545,0,0,6,0
6624,0,0,6,0
6654,0,0,6,1
6839,0,0,6,1
7742,1,0,6,1
7745,0,0,6,1
7828,0,0,6,1
7846,0,0,6,1
7863,0,0,6,1
7949,1,0,6,1
7952,0,0,6,1
8172,0,0,6,1
8270,0,1,6,0
8275,0,0,6,0
8358,1,0,6,0
8474,0,1,6,1
8487,0,0,6,1
8640,0,1,6,1
8993,0,0,6,1
8997,0,1,6,0
8998,0,0,6,1
9118,0,0,6,1
9199,0,0,6,0
9339,0,0,6,1
9346,0,0,6,1
9349,0,0,6,1
9512,0,1,6,1
9777,0,0,6,0
9909,0,1,6,0
10206,0,0,6,0
10265,0,0,6,0
10411,0,0,6,1
10503,0,1,6,0
10680,0,1,6,0
10699,0,0,6,1
11402,0,1,6,0
11471,0,0,6,0
11492,0,0,6,0
11558,0,0,6,0
12218,0,1,6,1
12250,0,1,6,1
12319,0,1,6,0
12393,0,0,6,1
12396,1,0,6,1
12464,0,0,6,0
12474,0,0,6,0
12476,0,1,6,0
12671,0,0,6,0
13231,0,1,6,0
13398,0,0,6,1
13580,0,1,6,0
13595,0,1,6,0
14248,0,1,6,1
14291,0,1,6,1
14368,1,1,6,1
14397,0,1,6,0
14500,0,0,6,0
14579,0,0,6,1
14643,1,0,6,1
14658,0,0,6,0
14851,1,1,6,0
14916,0,1,6,1
15193,0,0,6,1
15243,0,1,6,0
15508,0,0,6,1
15544,0,0,6,0
15563,0,0,6,0
15761,0,0,6,1
15765,0,0,6,0
15911,1,0,6,0
15975,0,1,6,0
16071,1,1,6,1
16171,0,0,6,1
16217,0,0,6,0
16218,0,1,6,0
16271,0,0,6,1
16330,0,1,6,0
16336,0,1,6,0
16347,0,1,6,1
16478,0,1,6,0
16517,0,1,6,0
16569,0,1,6,0
16576,0,1,6,1
16611,0,1,6,1
16658,0,1,6,0
16699,0,1,6,1
17001,0,0,6,1
17009,0,0,6,1
17157,0,0,6,1
17231,0,1,6,1
17249,0,0,6,0
63,0,1,7,0
139,0,0,7,1
293,0,0,7,1
295,0,0,7,0
341,0,0,7,1
576,0,1,7,0
579,0,1,7,0
613,0,1,7,1
616,0,1,7,1
740,0,0,7,0
751,1,0,7,0
904,0,0,7,0
1010,1,0,7,1
1133,0,0,7,1
1475,0,0,7,0
1491,0,0,7,1
1519,1,0,7,0
1520,1,0,7,0
1693,1,0,7,1
1778,0,0,7,0
2042,0,0,7,1
2081,1,0,7,1
2322,0,0,7,1
2647,0,0,7,0
2703,0,0,7,1
2854,0,0,7,0
2976,1,0,7,0
2996,0,0,7,1
3074,0,1,7,0
3103,0,0,7,0
3164,0,0,7,0
3258,1,0,7,0
3471,1,0,7,0
3522,1,0,7,0
3540,0,0,7,1
3548,0,0,7,0
3638,0,0,7,1
3923,1,0,7,0
3924,1,0,7,0
3927,0,0,7,0
4064,0,0,7,0
4268,0,1,7,0
4377,0,0,7,0
4387,1,0,7,0
4390,1,0,7,0
4622,0,0,7,1
4863,0,0,7,0
4973,0,1,7,1
5001,0,0,7,1
5081,0,0,7,1
5317,1,0,7,0
5693,0,0,7,1
5817,0,0,7,0
5847,0,0,7,0
6353,0,0,7,0
6567,0,0,7,0
6572,0,0,7,1
6694,0,0,7,0
6866,0,0,7,0
6897,1,0,7,0
6955,0,0,7,0
7021,0,0,7,0
7101,0,0,7,1
7801,0,1,7,1
7806,0,0,7,1
7992,1,0,7,1
8050,0,0,7,1
8198,0,0,7,0
8298,0,0,7,1
8311,1,1,7,0
8348,0,1,7,0
8466,1,1,7,0
8498,0,0,7,0
8594,0,1,7,0
8827,0,0,7,0
8856,1,0,7,1
8932,0,0,7,1
9263,0,0,7,1
9529,1,0,7,0
9577,0,1,7,0
10196,1,0,7,1
10483,0,1,7,0
11469,0,0,7,1
11495,0,1,7,0
11696,0,0,7,1
11719,0,1,7,1
11768,0,0,7,0
11821,0,1,7,0
11835,1,0,7,1
11886,0,0,7,1
12150,0,0,7,1
12440,0,0,7,1
12799,0,1,7,0
12838,0,0,7,1
12850,0,1,7,0
12856,0,1,7,1
12987,0,1,7,1
13007,0,0,7,0
13950,0,1,7,0
13953,0,1,7,0
14051,0,1,7,0
14061,0,1,7,0
14265,0,1,7,0
14413,0,0,7,1
14430,0,1,7,0
14448,1,0,7,1
14474,0,0,7,0
14484,0,0,7,0
14553,0,0,7,1
14564,0,1,7,1
14690,0,1,7,0
14876,0,0,7,0
14878,0,0,7,0
14957,0,1,7,1
14958,0,1,7,1
14992,0,0,7,0
15183,0,1,7,0
15186,0,0,7,0
15403,0,0,7,0
15445,0,0,7,0
15813,0,1,7,0
15889,0,0,7,1
16075,0,0,7,0
16323,0,1,7,0
16466,0,1,7,0
16485,0,1,7,0
16706,1,1,7,0
17173,0,1,7,0
17294,0,1,7,0
166,0,0,8,0
350,1,0,8,0
351,1,0,8,0
508,0,0,8,1
512,0,0,8,0
686,0,0,8,1
937,0,0,8,0
1084,0,0,8,1
1169,1,0,8,1
1362,0,0,8,1
1386,1,0,8,0
1736,0,0,8,0
1902,0,0,8,1
2279,0,0,8,0
2328,0,1,8,1
2367,1,0,8,0
2440,1,0,8,0
2752,0,0,8,1
2779,0,0,8,1
2801,0,0,8,0
2907,1,0,8,0
3102,0,0,8,0
3144,0,0,8,1
3397,0,0,8,0
3592,0,0,8,1
3714,0,0,8,1
3816,0,0,8,0
4021,0,0,8,1
4358,1,0,8,0
4442,1,0,8,0
4611,0,0,8,1
5024,0,0,8,1
5051,0,0,8,0
5337,1,0,8,0
5424,1,0,8,1
5432,1,0,8,0
5605,0,0,8,1
5648,1,0,8,0
5794,0,0,8,0
5797,0,0,8,0
5953,0,0,8,1
6056,1,0,8,0
6065,0,0,8,1
6316,0,0,8,0
6367,0,0,8,0
6655,0,0,8,0
6688,0,0,8,1
6825,0,0,8,0
7239,0,0,8,0
7360,0,0,8,1
7608,1,0,8,0
7627,1,0,8,0
7703,0,0,8,0
8058,0,0,8,0
8075,1,0,8,1
8247,0,0,8,1
8517,0,1,8,1
8726,0,1,8,0
8805,0,0,8,1
8846,0,0,8,1
8924,0,1,8,0
9418,0,1,8,0
9565,0,1,8,1
9676,0,0,8,1
10031,0,0,8,0
10271,0,0,8,0
10328,0,1,8,0
10816,0,1,8,1
10838,0,0,8,0
10899,0,0,8,1
10911,0,1,8,0
11395,0,0,8,1
11648,0,0,8,0
11838,0,0,8,1
11932,0,1,8,1
12119,0,0,8,1
12120,0,0,8,1
12410,1,0,8,0
12580,0,0,8,1
12943,0,0,8,1
12999,0,1,8,1
13073,0,0,8,1
13141,0,1,8,0
13312,1,0,8,0
13382,0,0,8,0
13388,0,0,8,0
13468,0,1,8,1
13596,0,1,8,1
13937,0,0,8,0
14083,0,1,8,0
14289,0,1,8,0
14308,0,0,8,1
14350,0,1,8,0
14551,0,1,8,0
14622,0,0,8,0
14665,1,1,8,0
14825,0,1,8,0
14835,0,1,8,0
14857,0,0,8,1
14860,0,0,8,1
15137,0,0,8,0
15801,0,0,8,1
15901,0,0,8,1
16341,0,1,8,1
16342,1,1,8,1
16397,0,1,8,1
16746,0,1,8,1
16887,0,0,8,0
17033,0,1,8,0
17272,1,1,8,1
370,0,0,9,0
676,1,0,9,1
693,0,0,9,1
734,0,0,9,0
936,0,1,9,1
1099,0,0,9,0
1166,1,0,9,1
1366,0,0,9,1
1509,0,0,9,0
1720,1,0,9,1
1852,0,0,9,1
2005,0,0,9,0
2375,1,1,9,0
2662,0,0,9,0
2701,0,0,9,0
3038,1,0,9,0
3154,1,0,9,0
3280,0,0,9,0
3329,0,0,9,0
3558,1,0,9,0
3744,0,0,9,1
3754,0,0,9,1
3827,0,0,9,0
4045,0,0,9,1
4293,0,0,9,0
4316,1,0,9,0
4341,0,0,9,0
4492,0,0,9,1
4504,0,0,9,1
4662,0,0,9,0
4762,0,0,9,1
4812,1,0,9,0
4818,1,0,9,0
4847,0,0,9,1
4880,0,1,9,0
5050,0,0,9,1
5210,1,0,9,1
5889,0,0,9,1
5903,0,0,9,0
5906,0,0,9,0
5922,0,0,9,0
5936,0,0,9,0
6199,0,0,9,0
6279,1,0,9,0
6297,0,0,9,1
6312,0,0,9,0
6848,0,0,9,1
7007,0,0,9,1
7013,0,0,9,1
7052,0,0,9,0
7055,0,0,9,0
7119,0,0,9,1
7219,0,0,9,0
7303,0,0,9,0
7310,1,0,9,1
7647,0,0,9,0
7721,1,0,9,1
7725,1,0,9,1
7768,0,0,9,0
7892,0,1,9,0
7915,0,0,9,1
7974,0,0,9,0
8133,0,0,9,1
8183,0,0,9,0
8255,0,1,9,0
8719,0,1,9,0
8930,0,1,9,0
9007,0,0,9,1
9792,1,0,9,1
10573,0,0,9,0
10754,0,0,9,1
11153,0,0,9,1
11739,0,1,9,1
11771,0,0,9,0
11820,0,1,9,0
11907,0,0,9,0
11937,0,1,9,1
12045,0,1,9,0
12092,0,0,9,0
12220,0,1,9,0
12352,1,0,9,0
12425,0,0,9,0
12467,0,0,9,1
12633,0,0,9,0
12649,0,0,9,0
12667,0,0,9,1
12691,0,0,9,1
12695,0,1,9,1
12965,1,1,9,0
13071,0,0,9,0
13178,0,1,9,0
13227,0,0,9,1
13229,0,0,9,1
13385,0,0,9,1
13391,0,0,9,1
13491,0,1,9,0
14012,0,0,9,0
14067,0,0,9,0
14117,0,1,9,0
14214,0,0,9,1
14246,0,1,9,0
14304,0,0,9,1
14590,0,0,9,0
15038,0,0,9,0
15057,0,0,9,1
15410,0,1,9,0
15442,0,0,9,1
15468,0,1,9,0
15666,0,0,9,0
15710,0,0,9,1
15837,0,1,9,1
15897,0,1,9,0
15927,0,1,9,0
16020,0,1,9,0
16134,0,0,9,0
16141,0,0,9,0
16208,0,1,9,1
16454,0,0,9,0
16509,0,1,9,0
16689,0,0,9,1
16830,0,1,9,1
9,0,0,10,0
479,1,0,10,1
684,1,0,10,1
840,1,0,10,0
1008,0,0,10,1
1127,0,0,10,1
1145,0,0,10,1
1160,0,0,10,0
1161,0,0,10,0
1186,0,0,10,1
1236,0,0,10,1
1297,0,1,10,1
1425,0,0,10,0
1596,1,0,10,1
1754,0,0,10,0
1853,0,0,10,0
1867,0,0,10,0
1870,0,0,10,1
2256,0,0,10,1
2656,0,0,10,1
2910,0,0,10,1
2941,0,0,10,1
2968,1,0,10,0
3741,0,0,10,1
3905,0,0,10,1
3995,0,0,10,0
4072,0,0,10,1
4074,0,0,10,1
4175,1,0,10,0
4481,0,0,10,0
4554,0,0,10,1
4753,0,0,10,1
4907,0,0,10,0
5182,0,0,10,1
5415,0,0,10,0
5417,1,0,10,0
5523,0,0,10,0
5752,0,0,10,0
5773,0,0,10,1
5830,0,0,10,0
5975,1,0,10,0
6092,0,0,10,0
6635,0,0,10,1
6857,0,0,10,0
6901,0,0,10,1
7037,0,0,10,1
7394,0,0,10,1
7407,0,0,10,1
8210,0,1,10,1
8302,1,0,10,0
8314,0,1,10,1
8532,0,0,10,0
8563,0,1,10,1
8605,0,0,10,0
9353,0,0,10,1
9464,0,0,10,0
10082,0,1,10,1
10656,0,0,10,1
10811,0,1,10,0
10981,0,1,10,0
10988,0,0,10,1
11108,0,0,10,0
11115,0,1,10,0
11181,1,0,10,0
11334,0,1,10,0
12086,0,1,10,0
12112,0,1,10,0
12674,0,0,10,1
12688,0,0,10,1
12773,1,1,10,0
12837,0,1,10,0
12891,0,1,10,1
12893,0,0,10,1
12896,0,0,10,1
12948,0,1,10,0
13069,0,0,10,0
13109,0,1,10,0
13286,1,0,10,0
13895,0,0,10,0
14844,0,1,10,0
15471,1,0,10,1
15492,0,1,10,1
15529,0,0,10,0
15929,0,0,10,1
16166,1,0,10,1
16559,0,1,10,0
16562,0,0,10,0
16613,0,1,10,1
16631,0,1,10,0
17063,0,0,10,0
17069,0,1,10,1
17131,0,1,10,1
398,0,0,11,0
496,0,1,11,1
725,0,0,11,1
852,0,0,11,1
1282,1,0,11,0
1528,0,0,11,0
1589,0,0,11,1
1726,0,0,11,0
1996,0,0,11,0
2064,1,0,11,0
2203,0,1,11,0
2352,0,0,11,1
2446,0,0,11,0
2558,0,0,11,1
2587,0,0,11,0
2760,0,0,11,1
2943,0,0,11,1
2959,1,0,11,0
3249,1,0,11,0
3400,1,0,11,1
3480,0,0,11,1
3893,0,0,11,1
4028,0,0,11,0
4511,0,0,11,0
4956,0,0,11,0
5109,0,0,11,0
5634,0,0,11,0
6185,0,0,11,0
6350,0,0,11,0
6529,0,0,11,0
6671,0,0,11,1
6787,0,0,11,0
6819,0,0,11,0
7023,0,0,11,1
7077,0,1,11,1
7243,0,0,11,0
8161,0,0,11,1
8321,0,1,11,0
8380,0,0,11,0
8390,0,0,11,0
8480,0,1,11,0
8693,0,0,11,1
8937,0,0,11,1
8959,0,1,11,1
9069,0,1,11,1
9098,0,1,11,0
9292,0,0,11,0
9293,0,1,11,0
9436,0,0,11,0
9440,1,0,11,0
9472,0,0,11,0
9686,0,1,11,0
9727,0,0,11,1
9739,0,0,11,0
9774,0,0,11,1
9918,0,0,11,0
9965,0,0,11,0
10020,0,0,11,0
10067,0,1,11,0
10080,0,0,11,0
10305,0,1,11,0
10546,1,0,11,0
10639,0,1,11,1
10765,0,1,11,0
11077,0,1,11,0
11102,0,1,11,0
11234,1,0,11,0
11331,0,1,11,1
11432,0,0,11,1
11438,0,1,11,0
11583,0,0,11,1
12206,0,0,11,0
12208,0,1,11,0
12483,0,1,11,0
12586,0,1,11,1
12651,0,0,11,1
12793,0,0,11,1
13150,0,0,11,0
13340,0,0,11,1
13508,0,1,11,0
13871,0,1,11,0
13958,0,1,11,0
14827,0,1,11,0
14870,0,0,11,1
14929,0,1,11,1
15115,0,1,11,1
15234,0,1,11,0
15629,0,1,11,0
15790,0,1,11,0
15851,0,1,11,0
15870,0,0,11,0
15884,0,0,11,0
16053,0,1,11,0
16167,1,0,11,0
16582,0,1,11,0
16797,0,0,11,1
16981,0,0,11,1
214,0,0,12,0
300,1,0,12,0
702,0,0,12,1
720,0,0,12,0
986,0,0,12,0
987,0,0,12,0
1781,0,0,12,0
1881,0,0,12,0
2262,0,0,12,0
2572,0,0,12,0
2581,0,0,12,0
2621,0,0,12,1
2682,0,0,12,1
3009,0,0,12,1
3224,1,0,12,0
3272,0,0,12,1
3304,0,0,12,0
3435,0,0,12,1
3567,1,0,12,0
3751,0,0,12,0
3760,0,0,12,0
4042,0,0,12,1
4191,1,0,12,0
4278,0,0,12,0
4582,0,0,12,0
4879,0,0,12,0
5411,0,0,12,0
5420,1,0,12,1
5643,1,0,12,0
6479,0,0,12,0
6527,0,0,12,0
6630,0,0,12,0
7236,0,0,12,1
7266,0,0,12,0
7317,0,0,12,0
7324,0,1,12,1
7417,1,0,12,0
7718,0,0,12,0
8192,0,0,12,1
8292,1,0,12,1
8295,0,0,12,0
9042,0,0,12,0
9049,0,0,12,1
9062,0,1,12,0
9317,0,0,12,1
9382,0,1,12,1
9547,0,0,12,0
9563,0,0,12,0
9692,0,1,12,1
9701,0,0,12,0
9721,0,1,12,0
9770,0,1,12,0
9876,0,0,12,1
10937,0,0,12,0
11010,0,1,12,0
11184,0,1,12,1
11681,0,0,12,1
12329,0,1,12,1
12779,0,1,12,0
12784,0,1,12,0
13052,0,0,12,0
13065,0,0,12,0
13213,0,0,12,0
13257,0,0,12,1
13393,0,0,12,1
13790,0,0,12,0
14360,0,0,12,0
14649,0,0,12,0
14738,0,0,12,0
14828,0,1,12,0
14962,1,1,12,0
15126,0,0,12,0
15161,0,1,12,0
15167,0,1,12,1
15176,0,1,12,0
15196,0,0,12,1
15314,1,1,12,0
15516,0,0,12,1
15653,0,1,12,0
16731,0,1,12,0
16750,0,1,12,1
17053,0,0,12,1
17180,0,1,12,0
153,0,0,13,0
254,0,0,13,1
275,1,0,13,0
620,0,0,13,0
721,0,0,13,1
883,0,0,13,0
947,1,0,13,1
957,0,0,13,0
1197,0,0,13,0
1470,0,0,13,0
1787,1,0,13,1
1924,0,0,13,0
2208,0,0,13,0
2223,1,0,13,0
2266,0,0,13,1
2578,0,0,13,0
2863,1,0,13,0
2904,1,0,13,0
3624,0,0,13,1
3836,0,0,13,1
3999,0,0,13,0
4265,0,0,13,0
4365,0,0,13,1
4749,0,0,13,0
5028,1,0,13,0
5030,1,0,13,0
5032,0,0,13,1
5095,1,0,13,1
5208,1,0,13,1
5430,1,0,13,0
5827,0,0,13,0
5828,0,0,13,0
5853,0,0,13,0
6371,1,0,13,0
6522,0,1,13,1
6544,0,0,13,0
6941,0,0,13,0
7089,0,0,13,1
7373,0,0,13,0
7404,0,0,13,0
7512,0,0,13,0
7515,0,0,13,0
7673,0,1,13,0
7943,1,0,13,0
8225,1,0,13,0
8228,0,0,13,0
8288,1,0,13,1
8775,0,0,13,1
8837,0,0,13,0
9018,0,0,13,0
9341,1,1,13,0
9561,0,0,13,1
9690,0,1,13,0
9766,0,0,13,1
10168,0,0,13,1
10216,0,0,13,0
10230,0,0,13,0
10239,0,0,13,0
10338,0,1,13,0
10722,0,0,13,0
10764,0,0,13,1
11381,0,0,13,0
11690,0,1,13,1
11735,0,1,13,0
12075,0,1,13,1
12337,0,0,13,0
12366,0,1,13,0
12417,1,0,13,0
12443,0,0,13,0
12665,0,0,13,0
13169,0,0,13,0
13700,0,1,13,0
13733,0,1,13,0
13765,0,1,13,0
13787,0,1,13,0
13918,0,1,13,0
14362,0,1,13,0
14365,0,0,13,0
14457,0,0,13,1
14888,0,0,13,0
15164,0,0,13,1
15427,0,1,13,1
15942,0,0,13,0
16031,0,0,13,0
16122,0,1,13,0
16386,0,1,13,0
16679,1,0,13,0
16939,0,1,13,0
17003,0,0,13,1
17076,0,0,13,1
17125,0,1,13,0
17134,0,1,13,0
17255,0,1,13,0
219,0,0,14,0
268,1,0,14,1
287,0,0,14,1
357,1,0,14,0
428,0,0,14,0
607,0,1,14,0
791,0,0,14,1
1061,1,0,14,0
1121,0,0,14,1
1151,0,0,14,1
1176,0,0,14,0
1213,1,0,14,0
1308,1,1,14,0
1360,1,0,14,0
1439,0,0,14,0
1769,0,0,14,0
1798,0,0,14,0
2361,1,0,14,0
2638,0,0,14,1
2690,0,0,14,0
2893,0,0,14,0
3119,0,0,14,0
3192,0,0,14,0
3237,0,0,14,1
3245,0,0,14,1
3700,0,0,14,1
3872,0,1,14,0
3990,0,0,14,0
4102,1,0,14,0
4851,0,0,14,0
4915,0,0,14,0
4916,0,0,14,0
5237,0,0,14,0
5238,0,0,14,0
5310,0,0,14,0
5558,0,0,14,1
5577,0,0,14,0
5862,0,0,14,1
5894,0,0,14,0
6229,0,0,14,0
6498,0,0,14,1
6570,0,0,14,0
6797,0,0,14,1
6800,0,0,14,1
6922,0,1,14,0
7149,0,0,14,1
7263,1,0,14,0
7760,1,0,14,1
7918,0,0,14,0
7953,0,0,14,0
8146,0,0,14,0
8149,0,0,14,0
8984,0,1,14,0
9028,0,0,14,1
9067,0,1,14,1
9241,0,0,14,0
9525,0,0,14,1
9698,0,0,14,0
9729,0,1,14,0
9966,0,0,14,0
10166,0,1,14,0
10294,0,0,14,0
10729,0,0,14,0
10919,0,0,14,0
10923,0,0,14,0
11138,0,1,14,0
11161,0,1,14,0
11297,0,1,14,1
11527,0,1,14,0
11675,0,0,14,0
11678,0,0,14,0
11777,0,0,14,0
11823,0,0,14,1
12050,0,1,14,0
12478,0,0,14,1
12535,0,1,14,1
12658,0,1,14,0
13480,0,0,14,1
13554,1,0,14,1
13614,0,0,14,0
13717,0,0,14,0
13827,0,1,14,0
14411,0,0,14,0
14437,0,0,14,1
14533,0,0,14,0
14767,0,1,14,1
15086,0,0,14,1
15259,0,0,14,0
15262,0,0,14,0
15572,1,0,14,0
15639,0,0,14,0
16273,0,0,14,1
16626,0,0,14,0
17073,0,1,14,0
17081,0,1,14,1
70,0,0,15,0
170,0,0,15,0
344,0,0,15,1
628,0,0,15,0
1278,0,0,15,0
1292,0,0,15,1
1357,1,0,15,0
1934,0,0,15,0
1945,0,0,15,0
2200,0,1,15,1
2227,0,0,15,0
2432,0,0,15,0
2612,0,0,15,1
2660,0,0,15,0
2913,0,0,15,1
3173,0,0,15,0
3316,0,0,15,0
3492,0,0,15,1
3589,1,0,15,0
3623,0,0,15,0
3790,0,0,15,0
4156,0,0,15,0
4493,0,0,15,0
4676,0,0,15,0
4678,0,0,15,0
4709,0,1,15,1
4959,0,0,15,1
5104,1,0,15,0
5107,1,0,15,0
5285,0,0,15,0
5389,1,0,15,1
5472,0,0,15,1
5476,0,1,15,1
5590,1,0,15,1
5756,0,0,15,1
5812,0,0,15,0
5834,0,0,15,0
6230,0,0,15,0
6357,0,0,15,1
6516,0,0,15,1
7130,0,1,15,0
7142,0,1,15,0
7201,0,0,15,0
7204,0,0,15,0
7353,0,0,15,0
7883,0,0,15,0
7907,0,0,15,1
8103,0,0,15,1
8405,0,0,15,1
8444,0,1,15,0
8978,0,0,15,0
9192,0,0,15,0
9255,0,1,15,1
9409,0,1,15,0
9419,0,0,15,1
9859,0,1,15,0
9888,0,0,15,0
10029,0,0,15,0
10614,0,0,15,0
10704,0,1,15,0
10893,0,1,15,0
10984,0,0,15,0
11620,0,0,15,0
11646,0,0,15,0
11901,0,0,15,0
12348,0,0,15,1
12405,1,0,15,0
12406,1,0,15,0
12906,0,0,15,0
13230,0,0,15,0
13455,0,0,15,0
13887,0,0,15,1
14017,0,0,15,0
14134,0,1,15,0
14294,0,0,15,0
14615,0,1,15,1
15219,0,1,15,0
15226,0,1,15,0
15511,0,0,15,1
15651,0,0,15,0
15767,0,0,15,1
16125,0,0,15,0
16429,0,0,15,1
16654,0,0,15,0
17089,0,0,15,0
17275,0,0,15,0
43,1,0,16,0
84,0,0,16,0
230,0,1,16,0
392,0,0,16,0
606,0,0,16,0
1263,0,0,16,0
1317,0,1,16,0
1994,0,0,16,0
2546,0,0,16,0
3114,0,0,16,0
3447,0,0,16,1
3493,0,0,16,1
3986,0,0,16,0
4053,0,0,16,0
4280,0,0,16,1
4807,1,0,16,1
4873,1,0,16,0
5185,0,0,16,0
5260,0,0,16,0
5266,0,0,16,0
5288,0,0,16,0
5914,0,0,16,0
6166,0,0,16,1
6467,1,0,16,1
6468,0,0,16,1
6774,0,0,16,0
6841,0,0,16,0
7413,0,0,16,0
7549,0,0,16,1
7697,0,0,16,0
7766,0,0,16,0
8002,0,0,16,1
8010,0,0,16,0
8453,0,1,16,1
8456,0,0,16,1
8831,0,0,16,1
9082,0,0,16,1
9091,0,0,16,1
9328,0,0,16,0
9449,0,0,16,0
9768,0,0,16,0
9849,0,1,16,0
9927,0,0,16,0
10282,0,1,16,1
10513,0,1,16,1
10515,0,0,16,1
10928,0,0,16,0
11003,0,1,16,0
11064,0,1,16,1
11414,0,1,16,0
11545,0,1,16,0
11698,0,0,16,1
12176,0,0,16,0
12210,0,0,16,1
12230,0,1,16,1
12454,0,1,16,0
12802,0,0,16,1
12953,0,0,16,0
13133,0,1,16,0
13795,0,1,16,0
13934,0,0,16,1
13994,0,1,16,0
14136,0,1,16,0
14258,0,1,16,0
14298,0,0,16,0
14356,0,1,16,0
14358,0,0,16,0
14808,0,0,16,1
15635,0,0,16,0
16258,0,0,16,1
16494,0,0,16,0
16733,1,1,16,0
16769,0,1,16,0
17229,0,1,16,1
15,0,0,17,1
80,0,0,17,0
137,0,0,17,0
315,0,0,17,1
353,1,0,17,0
462,0,0,17,1
510,0,0,17,1
1115,0,0,17,1
1295,0,1,17,1
1345,0,0,17,1
1843,0,0,17,1
1943,0,0,17,0
2947,0,0,17,0
3044,0,0,17,0
3391,0,0,17,0
3398,1,0,17,0
3870,0,1,17,0
4030,1,0,17,0
4531,0,0,17,0
4631,0,0,17,1
5143,0,0,17,0
5255,0,0,17,0
5286,1,0,17,0
5594,0,0,17,0
5651,0,0,17,0
5684,0,0,17,0
5687,0,0,17,0
5711,0,1,17,0
5971,0,0,17,0
6440,0,0,17,0
6768,0,0,17,0
6782,0,0,17,0
6785,0,0,17,1
6960,0,0,17,0
7277,1,0,17,0
7278,1,0,17,0
7491,0,0,17,0
7852,0,0,17,0
7866,0,0,17,1
8042,1,0,17,0
8043,1,0,17,0
8087,0,0,17,0
8107,0,0,17,0
8512,0,0,17,0
8979,0,1,17,0
9100,0,0,17,1
9112,0,1,17,1
9243,0,1,17,1
9331,0,0,17,0
9385,0,1,17,0
9828,0,0,17,0
9997,0,0,17,0
10050,0,1,17,1
10272,0,0,17,0
10445,0,1,17,1
10738,0,0,17,0
10939,0,0,17,0
10960,0,1,17,1
11000,0,0,17,1
11421,0,1,17,0
11599,0,0,17,0
11876,0,0,17,0
12312,0,1,17,0
12616,0,0,17,1
13033,0,0,17,0
13037,1,1,17,0
13058,0,0,17,0
13062,0,0,17,0
13102,0,0,17,0
13460,1,0,17,0
13497,0,1,17,0
14694,0,1,17,0
14699,0,1,17,0
15488,0,0,17,0
16633,0,0,17,0
16638,0,1,17,1
17035,0,1,17,0
17071,0,1,17,1
17141,0,1,17,0
17280,0,1,17,0
237,0,1,18,0
245,0,0,18,0
302,0,0,18,1
305,0,0,18,0
325,0,0,18,0
1002,1,0,18,0
1005,1,0,18,0
1134,0,0,18,1
1399,1,0,18,0
1489,0,0,18,0
2067,0,0,18,0
2085,0,0,18,0
2107,0,0,18,1
2225,0,0,18,0
2259,0,0,18,1
2528,0,0,18,0
3040,0,0,18,0
3123,1,0,18,0
3131,1,0,18,0
3180,0,0,18,0
3455,1,0,18,0
3536,1,0,18,0
4037,0,0,18,1
4138,1,0,18,0
4165,0,0,18,1
4595,0,0,18,0
4952,0,0,18,0
5072,0,0,18,0
5322,0,0,18,0
5478,0,0,18,0
6264,0,0,18,0
6704,0,0,18,0
7046,0,0,18,0
7249,0,0,18,0
7251,0,0,18,0
7337,0,0,18,0
7348,1,0,18,0
7489,0,0,18,0
7743,1,0,18,1
7885,0,1,18,1
7888,0,0,18,1
7924,1,0,18,0
7934,0,0,18,0
7944,0,0,18,0
8483,0,0,18,0
8854,0,0,18,0
9102,0,0,18,0
9219,0,0,18,0
9342,0,0,18,0
9667,0,1,18,0
9683,0,0,18,0
9974,0,1,18,0
10039,0,0,18,0
10143,0,1,18,1
10593,0,0,18,0
10832,0,1,18,1
11451,0,1,18,0
11610,0,0,18,0
11879,0,0,18,0
11909,0,0,18,0
11912,1,0,18,0
12172,0,1,18,0
12543,0,0,18,1
12710,0,0,18,0
12723,0,0,18,0
13048,0,0,18,0
14043,0,0,18,1
14802,0,1,18,1
15379,0,0,18,0
16005,0,1,18,0
16276,0,0,18,0
16369,0,1,18,0
16533,0,1,18,0
16537,0,1,18,0
16600,0,1,18,1
17057,0,0,18,0
17060,0,0,18,0
17302,0,0,18,0
91,0,0,19,1
336,0,0,19,0
638,0,0,19,0
1322,0,0,19,0
1325,0,0,19,0
2117,0,0,19,1
2714,0,0,19,0
2811,0,0,19,1
3082,0,0,19,1
3158,0,0,19,1
3338,0,0,19,0
3609,1,0,19,0
3683,0,0,19,0
3915,0,0,19,1
4130,1,0,19,0
4149,0,0,19,0
4348,0,0,19,1
4474,0,0,19,1
4858,0,0,19,1
4944,0,0,19,0
5004,0,0,19,0
5043,0,0,19,0
5346,1,0,19,1
5702,0,0,19,1
5967,0,0,19,0
6008,0,0,19,1
6030,1,0,19,0
6360,0,0,19,0
6471,1,0,19,1
6603,0,0,19,0
6648,0,0,19,0
6670,0,1,19,0
7389,0,0,19,1
7426,0,0,19,0
7593,1,0,19,1
7594,1,0,19,1
7894,0,0,19,1
8223,0,0,19,0
8587,0,1,19,1
8683,0,1,19,1
9466,1,0,19,1
9528,0,0,19,0
9659,0,0,19,1
9746,0,0,19,0
10063,0,1,19,0
10222,0,0,19,0
10253,0,0,19,1
10357,0,0,19,1
10406,0,0,19,0
10459,0,0,19,1
10962,0,1,19,0
11550,1,0,19,0
11897,0,0,19,0
12028,0,0,19,0
12341,0,0,19,1
12385,0,1,19,0
12547,0,0,19,0
13817,0,1,19,0
15881,0,0,19,0
15921,0,1,19,0
16013,0,1,19,0
16155,0,1,19,0
16440,1,0,19,0
16594,0,1,19,0
16821,0,0,19,0
16942,0,1,19,0
17233,0,1,19,0
399,0,0,20,0
477,0,0,20,0
705,0,0,20,0
814,0,1,20,0
982,0,0,20,0
996,1,0,20,0
1089,0,0,20,0
1546,1,0,20,1
1749,0,0,20,0
1813,0,0,20,1
2407,0,0,20,1
2410,0,0,20,1
2434,1,0,20,0
2767,1,1,20,0
2775,0,0,20,0
2983,0,0,20,1
3187,0,0,20,1
3322,0,0,20,0
3562,1,0,20,0
3796,0,0,20,1
4145,0,0,20,1
4171,0,0,20,0
4325,0,0,20,1
4415,1,0,20,1
4419,0,0,20,1
4484,0,0,20,1
4538,0,0,20,1
4918,0,1,20,1
5038,1,0,20,0
5218,0,0,20,0
5536,0,0,20,0
5908,0,0,20,0
6027,0,0,20,0
6034,0,0,20,0
6054,0,0,20,1
6207,0,0,20,0
6303,0,0,20,0
6394,0,0,20,0
6918,0,0,20,1
7197,0,0,20,0
7434,0,0,20,0
7736,1,0,20,0
7752,0,0,20,0
7940,1,0,20,0
8300,0,0,20,1
8350,0,1,20,0
8353,0,1,20,0
8550,0,1,20,0
8754,0,1,20,0
9012,0,0,20,0
9013,0,0,20,0
9108,0,1,20,1
9271,0,0,20,1
9273,0,0,20,0
9550,0,0,20,0
10089,0,0,20,0
10130,0,1,20,0
10605,0,0,20,0
11715,0,1,20,0
11758,0,0,20,0
11870,0,0,20,0
11963,0,1,20,0
11987,1,0,20,0
12356,0,0,20,0
12601,0,0,20,0
13068,0,0,20,1
13303,0,1,20,1
13410,1,0,20,0
13677,0,1,20,0
13849,0,1,20,1
14723,0,1,20,0
14867,0,0,20,0
15138,0,0,20,0
15421,0,0,20,0
15703,0,0,20,0
16358,0,0,20,1
16367,0,0,20,0
16457,0,0,20,1
16985,0,0,20,0
16996,1,0,20,0
590,0,0,21,0
592,1,0,21,1
600,0,0,21,0
615,0,1,21,1
952,0,0,21,0
1068,0,0,21,1
1139,1,0,21,1
1153,0,1,21,1
1405,1,0,21,0
1539,0,0,21,0
1789,0,0,21,0
1841,0,0,21,0
2093,1,0,21,0
2119,0,0,21,1
2122,1,0,21,1
2154,1,0,21,0
2437,0,0,21,0
2684,0,1,21,0
3165,0,0,21,0
3184,1,0,21,0
3948,1,0,21,1
4097,0,1,21,0
4342,0,0,21,0
4618,1,0,21,0
4745,0,0,21,1
5064,0,0,21,1
5154,0,0,21,0
5556,0,0,21,1
5607,0,0,21,0
5873,0,0,21,0
6168,0,0,21,0
6220,1,0,21,0
6693,0,0,21,0
6753,0,0,21,0
6756,0,0,21,0
7339,0,0,21,0
7421,0,0,21,0
8092,0,0,21,0
9430,0,1,21,1
9544,0,0,21,1
9558,1,0,21,0
9953,0,0,21,0
10267,0,1,21,0
10316,0,1,21,0
10457,0,1,21,0
10627,0,1,21,0
10637,0,1,21,0
10844,0,0,21,0
11663,0,0,21,0
12316,0,1,21,0
12358,0,0,21,1
13028,1,0,21,0
13616,0,1,21,1
13686,0,1,21,0
13702,0,1,21,0
13975,0,1,21,0
14260,0,1,21,0
14527,0,1,21,0
14530,0,0,21,0
14741,0,0,21,0
16695,0,0,21,0
16717,0,1,21,1
94,0,0,22,0
408,0,0,22,0
439,1,0,22,0
502,1,1,22,0
831,1,0,22,0
964,0,1,22,0
973,0,0,22,0
1178,0,0,22,0
1241,1,0,22,0
1483,0,0,22,0
1536,0,0,22,0
1701,0,0,22,0
2324,0,1,22,1
2377,0,1,22,1
2518,1,0,22,0
2628,1,0,22,0
2679,0,0,22,0
2838,0,0,22,0
2953,0,0,22,0
3206,0,1,22,0
3243,1,0,22,0
3291,1,0,22,0
3577,0,0,22,0
4235,0,1,22,1
4350,1,0,22,0
4410,0,0,22,0
4432,0,0,22,1
4707,1,0,22,0
5455,0,0,22,0
5691,0,0,22,0
5766,0,0,22,1
5787,0,0,22,0
5858,0,0,22,0
5933,0,0,22,0
6155,0,0,22,1
6919,0,0,22,0
7027,0,0,22,0
7231,0,1,22,1
7518,0,0,22,1
7569,0,1,22,0
7643,0,0,22,0
8064,0,0,22,0
8151,0,0,22,1
8547,0,0,22,1
8773,1,0,22,0
9356,0,0,22,0
9723,0,1,22,1
10201,0,0,22,1
10287,0,1,22,0
10662,0,0,22,0
10797,0,1,22,0
10827,0,1,22,0
11579,0,0,22,1
12174,0,0,22,0
12804,0,0,22,0
12806,0,0,22,0
13478,0,0,22,0
13774,0,1,22,1
14575,0,0,22,0
15275,0,1,22,0
15462,0,1,22,0
15536,0,0,22,0
16713,0,0,22,0
16809,0,1,22,0
16855,0,0,22,0
17041,0,1,22,1
17092,0,0,22,1
329,0,0,23,0
1056,1,0,23,0
1230,0,0,23,0
1826,0,0,23,0
1868,0,0,23,0
2157,0,0,23,0
2348,0,1,23,0
2379,0,0,23,1
2473,0,0,23,0
2598,0,0,23,0
2979,0,0,23,0
3110,0,0,23,0
3602,1,0,23,0
3725,0,0,23,0
3767,1,0,23,0
3768,1,0,23,0
3831,1,0,23,1
4608,0,0,23,1
4742,0,0,23,0
4743,0,0,23,0
4911,0,0,23,0
5435,0,0,23,1
6493,1,0,23,0
6512,1,0,23,0
6518,0,1,23,1
6916,1,0,23,0
7509,0,0,23,0
7543,0,0,23,0
7749,0,0,23,1
7822,0,0,23,1
8036,0,0,23,1
8157,0,0,23,0
8221,0,0,23,0
8451,0,1,23,0
8927,0,0,23,0
10182,0,1,23,0
10507,0,0,23,1
10932,0,0,23,0
11581,0,0,23,1
11904,0,1,23,1
12686,0,0,23,1
12731,0,0,23,0
12750,0,1,23,0
12833,0,0,23,1
12929,0,0,23,0
13147,0,1,23,0
14018,0,0,23,0
14244,0,1,23,0
14871,0,0,23,0
15752,0,0,23,0
16412,0,0,23,1
47,0,0,24,0
50,0,0,24,0
425,0,0,24,0
602,0,0,24,0
748,1,0,24,0
926,0,1,24,0
963,0,1,24,0
1210,1,0,24,0
1332,0,0,24,0
1758,1,0,24,1
1985,0,0,24,0
2073,0,0,24,1
2095,1,0,24,0
2098,1,0,24,0
2148,0,0,24,0
2149,0,0,24,0
2181,0,0,24,1
2632,0,0,24,0
2877,0,1,24,0
3002,0,0,24,0
3266,0,0,24,0
3289,0,0,24,0
3487,0,0,24,0
3490,0,0,24,0
3509,1,0,24,0
4015,0,0,24,0
4476,0,0,24,1
4507,0,0,24,0
4624,0,0,24,0
4629,0,0,24,0
5018,0,1,24,0
5090,0,0,24,0
5448,0,1,24,0
5474,0,1,24,1
5611,0,0,24,0
5737,0,1,24,0
5764,0,0,24,1
5864,0,0,24,0
5997,1,0,24,1
6148,0,0,24,1
6496,0,0,24,1
6725,0,0,24,0
6843,0,0,24,1
6890,0,0,24,0
6910,0,0,24,0
7207,0,0,24,0
7386,0,0,24,1
7410,0,0,24,0
7531,0,0,24,0
7638,0,0,24,0
8027,1,0,24,0
8589,0,0,24,0
9359,0,1,24,0
9393,0,0,24,0
9814,0,1,24,0
10056,0,0,24,1
10109,0,1,24,0
11478,0,1,24,1
11826,0,0,24,0
11941,0,0,24,0
12132,1,1,24,0
12388,0,0,24,0
13611,0,0,24,0
14400,0,1,24,0
14718,0,0,24,0
14883,0,0,24,0
14884,0,0,24,0
15005,0,1,24,1
15672,0,0,24,0
16077,0,1,24,0
16144,0,0,24,0
16487,0,1,24,0
16557,0,0,24,0
16930,0,1,24,1
16971,1,0,24,0
17112,0,0,24,0
280,0,0,25,1
931,0,0,25,0
1012,1,0,25,0
1477,0,0,25,0
1685,0,0,25,0
2151,1,0,25,0
2295,0,0,25,1
2630,1,0,25,0
2950,0,0,25,0
3798,0,0,25,0
3803,0,0,25,0
4328,0,0,25,0
4429,0,0,25,1
4524,0,0,25,0
4826,0,0,25,0
4883,0,0,25,0
4974,0,1,25,0
5046,0,0,25,0
5390,1,0,25,0
5782,0,0,25,1
5865,0,0,25,0
6247,1,0,25,1
6336,0,1,25,0
6473,1,0,25,0
6474,1,0,25,0
6536,0,0,25,0
6620,0,0,25,0
6637,0,0,25,1
6668,0,0,25,0
6875,0,0,25,1
6921,0,0,25,0
6942,0,0,25,0
7458,0,0,25,0
7565,0,1,25,1
7747,1,0,25,1
7849,0,1,25,0
8470,0,0,25,0
8887,0,0,25,0
9198,0,0,25,0
9490,0,0,25,1
9498,0,0,25,1
9552,0,0,25,0
10747,0,0,25,0
12077,0,1,25,0
12399,0,0,25,1
13281,0,0,25,0
13422,1,1,25,1
14096,0,0,25,0
14100,0,0,25,1
14307,0,0,25,0
14336,0,0,25,0
14440,0,0,25,1
16364,0,0,25,0
16415,0,0,25,0
16685,1,0,25,0
16686,0,0,25,0
16961,1,0,25,0
164,0,0,26,0
485,0,0,26,0
1077,1,0,26,0
3941,0,0,26,0
3998,0,0,26,0
4076,0,0,26,0
4126,1,0,26,0
4143,0,0,26,0
5580,0,0,26,0
6060,0,0,26,0
6063,0,0,26,0
6378,0,0,26,1
6495,0,0,26,0
6684,0,0,26,0
6997,0,0,26,0
7000,0,0,26,0
7057,0,0,26,0
7060,0,0,26,0
7841,0,0,26,1
7920,0,0,26,0
8144,1,0,26,0
8423,0,0,26,1
9269,0,0,26,1
10335,0,1,26,0
10432,0,0,26,0
11397,0,1,26,0
11412,0,1,26,0
11751,0,1,26,0
12057,0,0,26,0
12064,0,1,26,0
12163,0,1,26,0
12165,0,0,26,0
13152,0,0,26,0
13505,0,0,26,1
13650,0,0,26,0
13747,0,1,26,0
13793,0,0,26,0
13897,0,1,26,0
13900,0,0,26,0
13940,0,0,26,0
14630,0,0,26,0
15140,0,1,26,0
16643,0,0,26,0
122,1,0,27,0
124,1,0,27,0
362,0,0,27,0
468,0,0,27,0
1149,0,0,27,0
1339,0,0,27,1
1760,0,0,27,1
2128,1,0,27,0
2737,0,0,27,0
2772,1,0,27,0
3005,0,0,27,1
4162,0,0,27,0
4621,0,0,27,0
4865,0,0,27,0
4948,0,0,27,0
5053,0,0,27,0
6233,0,0,27,1
6348,0,0,27,1
6721,0,0,27,0
6738,0,0,27,0
6886,1,0,27,1
7545,0,0,27,0
7572,0,0,27,0
7984,0,0,27,1
8131,0,0,27,0
8233,0,0,27,0
8385,0,0,27,0
8702,0,1,27,0
8835,0,0,27,0
10258,0,1,27,0
10261,0,0,27,0
11140,0,1,27,0
12579,0,1,27,1
13731,0,0,27,0
14325,0,1,27,1
14613,0,1,27,0
15464,0,1,27,0
16269,0,0,27,0
16904,0,1,27,0
17242,0,0,27,0
342,0,0,28,0
820,1,0,28,0
875,0,0,28,1
2091,0,0,28,0
2235,0,0,28,0
2597,0,0,28,0
2764,0,0,28,1
3342,0,0,28,0
3525,1,1,28,0
3551,1,0,28,0
3648,0,1,28,1
3650,0,0,28,1
3728,1,0,28,0
4719,1,0,28,0
4946,0,0,28,0
5951,0,0,28,0
6587,0,0,28,1
7144,0,0,28,0
7529,0,0,28,0
7987,0,0,28,0
8053,0,0,28,0
8743,0,0,28,0
9868,0,1,28,0
10001,0,1,28,1
10004,0,0,28,0
10659,1,0,28,0
11693,0,0,28,0
12067,0,0,28,0
12563,0,0,28,0
15190,0,0,28,0
16640,0,1,28,0
16720,0,0,28,1
16882,0,1,28,0
16916,0,1,28,0
17144,0,0,28,0
451,1,0,29,0
454,1,0,29,0
759,0,0,29,0
880,1,0,29,0
1707,0,0,29,0
1999,0,0,29,0
2051,0,0,29,0
2636,0,0,29,0
2729,0,0,29,0
3093,0,0,29,0
3570,1,0,29,0
4109,0,0,29,0
4526,0,0,29,0
5226,0,0,29,1
5820,0,0,29,0
6140,0,0,29,0
7297,0,0,29,0
7367,0,0,29,0
7649,0,1,29,1
7882,0,0,29,1
8939,0,1,29,1
8971,0,0,29,0
8974,0,0,29,0
9158,0,1,29,0
9387,0,1,29,0
9395,1,0,29,1
12272,0,1,29,0
12787,0,0,29,1
13129,0,0,29,1
13216,0,0,29,0
15738,0,0,29,0
16715,0,1,29,0
114,0,0,30,0
902,0,1,30,0
917,1,0,30,0
1015,1,0,30,0
1376,1,0,30,1
2177,0,1,30,0
2298,1,0,30,0
2350,0,0,30,0
2458,0,0,30,0
2502,0,0,30,0
2671,0,0,30,0
2742,0,0,30,0
3134,0,0,30,0
3464,0,0,30,0
3467,0,0,30,0
3716,0,0,30,1
4397,0,0,30,0
5268,0,0,30,0
5293,0,0,30,0
6697,0,0,30,0
6995,0,0,30,0
7493,0,0,30,0
7755,0,0,30,0
9239,0,0,30,0
10170,0,1,30,0
10297,0,0,30,0
10946,0,0,30,1
11223,0,0,30,0
12036,0,0,30,0
14985,0,0,30,1
16173,0,1,30,1
16206,0,0,30,0
16281,0,1,30,0
410,0,0,31,0
690,0,0,31,0
2069,0,0,31,0
2274,1,0,31,1
2358,0,0,31,1
2384,0,0,31,0
2804,1,0,31,1
2849,0,0,31,0
2987,0,0,31,0
2990,0,0,31,0
2998,0,0,31,0
3370,0,1,31,0
3473,0,0,31,0
3926,0,0,31,1
4055,0,0,31,0
4058,0,0,31,0
4367,1,0,31,0
4962,0,0,31,0
4995,0,0,31,0
5325,0,0,31,0
6036,0,0,31,0
6410,0,0,31,0
9534,0,0,31,0
10092,0,0,31,0
13001,0,0,31,0
13521,0,1,31,0
14702,0,0,31,0
15041,0,0,31,0
15513,0,1,31,0
16176,0,0,31,1
17219,0,0,31,0
320,0,0,32,1
504,0,0,32,0
844,0,0,32,0
929,0,0,32,0
989,0,0,32,0
1087,0,0,32,0
1369,0,0,32,0
1372,0,0,32,0
1670,0,0,32,0
2126,0,0,32,0
2163,1,0,32,0
2504,1,0,32,0
2568,1,0,32,0
2700,0,0,32,0
2712,0,0,32,0
3476,0,0,32,0
3895,0,0,32,0
4129,1,0,32,0
4227,0,0,32,0
4232,0,0,32,0
4318,0,0,32,0
4439,1,0,32,0
4520,0,0,32,0
5087,0,0,32,0
5546,0,0,32,0
6699,0,0,32,0
6951,0,0,32,0
7596,0,1,32,0
7958,0,0,32,0
8111,0,0,32,0
10022,0,0,32,0
12053,0,0,32,0
13482,0,0,32,0
14250,0,1,32,0
14493,0,0,32,0
14951,0,0,32,1
14988,0,0,32,0
15477,0,0,32,0
16709,0,0,32,0
118,0,0,33,0
221,0,0,33,1
427,0,0,33,0
1374,0,0,33,0
1385,1,0,33,0
2754,1,0,33,0
3335,0,0,33,0
3387,0,0,33,1
3450,0,0,33,0
3776,0,0,33,0
4340,0,0,33,0
4740,0,0,33,0
5359,1,0,33,0
5609,0,0,33,0
5666,1,0,33,0
7568,0,0,33,0
7955,0,0,33,0
8798,0,0,33,0
9397,0,0,33,0
9502,1,0,33,0
9669,0,0,33,1
13197,0,1,33,0
13200,0,0,33,0
15498,0,0,33,0
16448,0,0,33,0
17237,0,1,33,0
11,0,0,34,0
331,1,0,34,0
390,0,0,34,0
688,0,0,34,0
809,0,0,34,0
811,0,0,34,1
971,0,0,34,0
1379,1,0,34,0
1514,0,0,34,0
2175,0,0,34,0
3594,1,0,34,1
4111,1,0,34,0
4114,1,0,34,0
4371,0,0,34,0
4483,1,0,34,0
4888,0,1,34,0
5159,0,0,34,0
5380,1,0,34,0
5805,0,0,34,0
6225,0,0,34,0
6539,0,0,34,0
7087,0,0,34,0
7686,0,0,34,0
9344,0,1,34,0
9725,1,0,34,0
11094,0,1,34,0
11097,0,0,34,0
14421,0,0,34,0
14546,0,0,34,0
14572,0,0,34,0
14754,0,1,34,0
14907,0,0,34,0
16127,0,0,34,0
16130,0,0,34,0
87,0,0,35,0
148,0,0,35,0
271,0,0,35,0
339,0,0,35,1
372,0,0,35,0
375,0,0,35,0
842,0,0,35,0
960,0,0,35,0
1611,0,0,35,0
1872,0,0,35,0
2594,0,0,35,0
2705,0,0,35,0
3719,0,0,35,0
4270,0,0,35,0
4655,0,0,35,0
6333,0,0,35,0
7375,0,0,35,0
7378,0,0,35,0
7772,0,0,35,0
8600,0,1,35,0
9741,0,1,35,0
10274,0,1,35,0
10948,0,0,35,0
11084,0,0,35,0
11536,0,0,35,0
13445,0,1,35,0
13688,0,1,35,0
14733,0,0,35,0
15142,0,1,35,0
15406,0,0,35,0
15451,0,0,35,0
120,0,0,36,0
919,1,0,36,0
1079,0,0,36,1
1218,0,0,36,1
1976,0,0,36,0
2482,0,0,36,0
2485,0,0,36,0
3771,0,0,36,0
4356,0,0,36,0
4380,0,0,36,0
4469,0,1,36,0
4472,0,1,36,0
5066,0,0,36,0
5069,0,0,36,0
5707,0,0,36,1
5808,0,0,36,0
6318,0,0,36,0
8833,0,0,36,1
10007,0,0,36,0
12662,0,0,36,0
13405,0,0,36,1
14267,0,1,36,0
14270,0,0,36,0
16146,0,1,36,0
16603,0,0,36,0
16892,0,0,36,0
17175,0,0,36,1
90,0,0,37,0
111,0,0,37,0
234,0,0,37,0
385,0,0,37,0
868,0,0,37,0
895,1,0,37,0
1493,1,0,37,1
1791,0,0,37,0
2873,0,0,37,0
3301,0,0,37,0
3453,0,0,37,0
3586,0,0,37,0
3763,0,0,37,0
4422,0,0,37,0
5300,0,0,37,0
7227,1,0,37,0
7295,0,0,37,0
7364,0,0,37,0
9245,0,1,37,0
13538,0,0,37,0
14403,0,0,37,0
15169,0,1,37,0
15172,0,0,37,0
846,0,0,38,0
885,0,0,38,0
1226,0,0,38,0
2101,0,0,38,0
2186,0,0,38,0
2382,0,0,38,0
2520,0,0,38,0
2523,0,0,38,0
2708,0,0,38,0
3347,0,0,38,0
3757,0,0,38,0
4320,0,0,38,0
4598,0,0,38,0
4706,0,0,38,0
5098,0,0,38,0
5137,0,0,38,0
5200,0,0,38,0
5750,0,0,38,0
5799,0,0,38,0
6218,0,0,38,0
6553,0,0,38,0
6559,0,0,38,0
7195,0,0,38,0
7521,1,0,38,0
8122,0,0,38,0
8685,0,1,38,1
8761,0,0,38,0
10256,0,0,38,0
10610,0,0,38,0
12200,0,1,38,0
196,0,0,39,0
199,0,0,39,0
1713,0,0,39,0
2183,0,0,39,0
2634,0,0,39,0
2719,0,0,39,0
2879,0,0,39,0
3530,0,0,39,0
4187,1,0,39,0
4392,0,0,39,0
4869,0,0,39,0
6599,0,0,39,0
6763,0,0,39,0
9161,1,0,39,0
9663,0,1,39,0
9666,0,0,39,0
10740,0,1,39,0
12127,0,1,39,0
13412,0,0,39,1
16489,0,1,39,0
553,0,0,40,0
728,0,0,40,0
940,0,0,40,0
1511,1,0,40,0
2031,0,0,40,0
2034,0,0,40,0
2927,0,0,40,0
2955,0,0,40,0
3430,0,0,40,0
3527,0,0,40,0
3853,0,1,40,0
5056,0,0,40,0
5178,0,0,40,0
5531,0,0,40,0
5625,1,0,40,0
5938,0,0,40,0
6563,0,0,40,0
7016,0,0,40,0
7039,0,0,40,0
7042,0,0,40,0
7328,0,1,40,0
7774,0,0,40,0
7936,1,0,40,0
8795,0,0,40,0
9826,0,0,40,0
14639,0,0,40,0
16737,0,1,40,0
298,1,0,41,0
581,1,0,41,0
604,0,0,41,0
863,0,0,41,0
2915,0,0,41,0
2918,0,0,41,0
2944,1,0,41,0
3059,0,1,41,0
3062,0,1,41,0
3345,0,0,41,0
3653,0,0,41,0
3918,1,0,41,0
4606,0,0,41,0
4626,0,0,41,0
4701,1,0,41,0
5653,0,0,41,0
7273,0,0,41,0
10160,0,0,41,0
11754,0,0,41,0
11967,0,1,41,0
14714,0,0,41,0
14756,0,1,41,0
15935,0,1,41,1
16669,0,1,41,0
16843,0,0,41,0
16955,0,0,41,0
232,0,1,42,1
364,0,1,42,0
449,0,0,42,0
789,1,0,42,0
1076,0,0,42,0
1418,0,0,42,0
1820,1,0,42,0
1835,0,0,42,0
2487,0,0,42,0
2490,0,0,42,0
2548,0,0,42,0
2842,0,0,42,0
3685,1,0,42,0
4307,0,0,42,0
4338,0,0,42,0
4435,1,0,42,0
4937,0,0,42,0
5212,0,0,42,0
5450,0,0,42,0
5656,0,0,42,0
6045,0,0,42,0
6266,1,0,42,0
6596,0,0,42,0
7151,0,0,42,0
7154,0,0,42,0
8186,0,0,42,0
8218,0,0,42,0
8801,0,0,42,0
9830,0,1,42,0
9833,0,0,42,0
10245,0,0,42,0
11117,0,1,42,0
13547,0,1,42,0
14063,0,1,42,0
14346,0,1,42,0
15520,0,0,42,0
15587,0,1,42,0
15590,0,0,42,0
447,0,0,43,0
753,0,0,43,0
756,0,0,43,0
1879,0,0,43,0
2664,1,0,43,0
3308,0,0,43,0
4001,0,0,43,0
4004,0,0,43,0
4017,0,0,43,0
4063,0,0,43,0
4295,0,0,43,0
4298,0,0,43,0
4788,0,0,43,0
4822,0,0,43,0
5197,0,0,43,0
5206,0,0,43,0
5458,0,1,43,0
6582,0,0,43,0
6809,1,0,43,0
6827,0,0,43,0
7678,0,0,43,0
8098,0,0,43,0
8860,0,0,43,0
9493,0,0,43,0
10806,0,0,43,0
13024,0,0,43,0
13955,0,1,43,0
15474,0,0,43,0
15763,0,0,43,0
394,0,0,44,0
1101,0,0,44,0
1180,0,0,44,0
1216,1,0,44,0
1238,0,0,44,0
2317,0,0,44,0
2985,0,0,44,0
3091,0,0,44,0
3580,0,0,44,0
3627,0,1,44,0
3774,0,0,44,0
3930,0,0,44,0
4060,0,0,44,0
4086,1,0,44,0
5340,0,0,44,0
6658,0,0,44,0
7320,0,0,44,0
17283,0,0,44,0
1715,0,0,45,0
1783,0,0,45,0
2179,0,1,45,0
2566,1,0,45,0
2592,0,0,45,0
2688,0,0,45,0
3167,0,0,45,0
3386,0,0,45,0
3808,0,0,45,0
4738,0,0,45,0
5725,0,0,45,0
5728,0,0,45,0
5832,1,0,45,0
6158,0,0,45,0
6429,0,0,45,0
6524,0,0,45,0
7080,0,0,45,0
7981,0,0,45,0
9060,0,0,45,0
818,0,0,46,0
912,0,0,46,0
976,1,0,46,0
1837,0,0,46,0
2132,1,0,46,0
2439,0,0,46,0
2589,0,0,46,0
3583,0,0,46,0
3688,0,0,46,0
3736,0,0,46,0
4122,0,0,46,0
4209,1,0,46,0
4444,1,0,46,0
5554,0,0,46,0
5966,1,0,46,0
6209,0,0,46,0
6212,0,0,46,0
6443,0,0,46,0
6859,1,0,46,0
7728,0,0,46,0
7734,1,0,46,0
8029,0,0,46,0
8070,0,1,46,0
9237,0,0,46,0
9496,0,1,46,1
9505,0,0,46,0
11662,0,0,46,0
15735,0,0,46,0
15744,0,0,46,0
15747,0,0,46,0
16079,0,1,46,0
584,0,0,47,0
979,0,0,47,0
1184,1,0,47,0
1221,0,0,47,0
3747,0,0,47,0
3805,0,0,47,0
3981,1,0,47,0
3988,0,0,47,0
4584,0,0,47,0
5161,0,0,47,0
5329,0,0,47,0
5802,1,0,47,0
5956,0,0,47,0
6115,0,0,47,0
6122,0,0,47,0
6585,0,0,47,0
6789,0,0,47,0
7922,1,0,47,0
9911,0,0,47,0
10331,0,0,47,0
13683,0,1,47,0
15804,0,0,47,0
36,0,0,48,0
116,0,0,48,0
194,0,0,48,0
700,0,0,48,0
1031,0,0,48,0
1060,0,0,48,0
1232,0,0,48,0
3573,0,0,48,0
3604,0,1,48,0
4211,0,0,48,0
4229,0,0,48,0
5867,0,0,48,0
6923,1,0,48,0
7271,0,0,48,0
7536,0,0,48,0
7630,0,0,48,0
9248,0,0,48,0
11149,0,0,48,0
12152,0,1,48,0
14782,0,0,48,0
559,0,0,49,0
1063,0,0,49,0
1172,0,0,49,0
1709,0,0,49,0
2619,0,0,49,0
3296,0,0,49,0
4006,0,0,49,0
4335,0,0,49,0
4704,0,0,49,0
5134,0,0,49,0
5869,0,0,49,0
6137,0,0,49,0
6205,0,0,49,0
6283,0,0,49,0
7976,0,0,49,0
7979,0,0,49,0
8101,0,0,49,0
9188,0,0,49,0
10977,0,1,49,0
11270,0,1,49,0
11659,0,0,49,0
16160,0,1,49,0
16474,0,1,49,0
16564,0,1,49,0
16944,0,1,49,0
109,0,0,50,0
1191,0,0,50,0
1223,0,0,50,0
1388,0,0,50,0
1599,1,0,50,0
2370,0,1,50,0
2602,0,1,50,0
3089,0,0,50,0
3298,0,0,50,0
3794,0,0,50,1
4795,0,0,50,0
4797,0,1,50,0
5585,1,0,50,0
7025,0,0,50,0
8045,0,0,50,0
8048,0,0,50,0
8124,0,0,50,0
9126,0,1,50,0
10926,0,0,50,0
11080,0,0,50,0
14972,0,0,50,0
15631,0,1,50,0
16965,0,0,50,0
1212,0,0,51,0
1383,0,0,51,0
3703,0,0,51,0
3898,0,0,51,0
4479,0,0,51,0
5438,0,0,51,0
5441,0,0,51,0
5768,0,0,51,0
6329,0,0,51,0
7192,0,0,51,0
12769,0,1,51,0
14353,0,0,51,0
15046,0,0,51,0
17136,0,1,51,0
434,0,0,52,0
991,0,0,52,0
1695,0,0,52,0
3106,0,0,52,0
4373,0,0,52,0
5112,0,0,52,0
5312,0,0,52,0
5505,0,0,52,0
6124,1,0,52,0
6127,0,0,52,0
6845,0,0,52,0
7586,1,0,52,0
7589,0,0,52,0
10873,0,0,52,0
11032,0,0,52,0
312,0,0,53,0
493,0,0,53,0
900,0,1,53,0
1495,0,0,53,0
1846,0,0,53,0
4132,1,0,53,0
4141,0,0,53,0
4670,0,0,53,0
4830,0,0,53,0
6533,0,0,53,0
6985,0,0,53,0
6992,0,0,53,0
8260,0,0,53,0
10543,0,0,53,0
12436,1,0,53,0
730,0,0,54,0
915,0,0,54,0
1300,0,1,54,0
1697,1,0,54,0
2757,0,0,54,0
2858,0,0,54,0
2861,0,0,54,0
4147,0,0,54,0
4302,0,0,54,0
4305,0,0,54,0
5114,0,0,54,0
5191,0,0,54,0
5343,0,0,54,0
